# Traceability: every v1 obligation (plan r4 decisions, P0-P7 named acceptance tests and obligations), every Grok 4.7 finding, every cutover GAP, John's binding additions and every Sol 6 finding -> its v2 home. status (round 3, Sol 6 N5: claims now match what is checkable today): kept (unchanged, v1 test stays) | amended (v2 contract changes it; packet rewrites test) | contract-fixed (the defect is removed from the CONTRACT and an executable test in tests/contracts_v2 proves that today; the implementation is still owed by the named packet) | specified (the remedy exists only as contract text and packet acceptance; nothing proves it until that packet passes its gates) | superseded (round-4 re-audit: an earlier contract-fixed claim that a later Sol 6 counterexample showed incomplete; the superseding row is named) | moved | dropped (with reason) | deferred (after R1) | probes (round 8: a record of adversarial tests that were run; it claims no fix) | carried (freeze: a known counterexample handed to the named packet as an acceptance obligation, with a strict-xfail reference test). No row claims a running fix: nothing is implemented on this branch.
source	item	v1 location	status	v2 home	note
plan-r4	one authority, SQLite single writer, atomic admission/dequeue, durable idempotency	authority.py, store.py	kept	rpc-envelope idempotency_record; A5b1s, A5b2, A7b (Amendment 11: was A5b1)	idempotency scope now (principal, request_id); token scrubbed after replay window
plan-r4	unknown state refuses grants/extensions; expiry never means empty	README P0	kept	README invariants; executor reply definite/uncertain; A5a, A5b1, A5b2	-
plan-r4	lifecycle free->starting->running->stopping->free, quarantine on uncertainty	lease-v1	amended	lease.state (+waking, closed); A5b1, A5b2	waking added for wake-on-acquire
plan-r4	class order operator>booked>batch>service>resident>standby, FIFO, eviction matrix, grace 120/120/300	authority.py	kept	common class; policy.timing; A5b1, A5b2	-
plan-r4	beat 60 s, stale 600/180 s, skew >30 s freezes calendar	policy-v1 const	kept	policy.timing; executor beat; A5a, A5b1, A5b2	authority now actually sends beat (G03)
plan-r4	bookings: horizon 14 d, min 15 min, early claim, check-in, no-show, warning, completion	booking-v1, authority	kept	booking-v1 (unchanged), policy.timing; quotas for 4/12 h and 2-future	per-principal limits moved to quota
plan-r4	agents 4 h / the owner 12 h booking limits, two future bookings per agent	policy const	moved	quota.limits max_booking_s, max_future_bookings; C5b	expressible per principal/group
plan-r4	chat: manual load, service occupant, T4 preference external, 600 s idle on completed requests	occupant-v1, chat.py	amended	endpoint (rename), inventory.endpoint_lane_order; C8	request accounting unchanged
plan-r4	tailnet whois on real socket peer; ignore forwarding headers; tailnet identity alone never grants the owner privileges	auth.py	amended	accounts, rpc-ops admission (no caller identity), x-ops roles; A7, C1	operator role from accounts doc; FIDO2 per approval_matrix (decision D-appr-1)
plan-r4	ssh-sk approvals first, WebAuthn later, same semantics	approval-v1, auth.py	kept	approval-v1 + approval (v2 overrides); C3, C11b	-
plan-r4	pipeline available/unavailable/approval_required, acceptable-use purpose	pipeline-v1	kept	pipeline-v1 unchanged; template.pipeline_ref	-
plan-r4	federation hooks frozen	common-v1	kept	../common.schema.json (dormant); v2 requests reject them	fail closed
plan-r4	executor JSON over restricted SSH stdin	executor-v1	specified	executor; A4	G04
plan-r4	host enforces deadlines independently of controller	executor.py	amended	executor relative_deadline/local_deadline; A5a, A5a3 (enforcer one-shot), A5a4 (executor_transport conformance, Amendment 11), A4ub timer (Amendment 9)	G02
plan-r4	restart/reboot reconciles before reopening	authority.py stub	specified	README semantics 7; A8	G27
plan-r4	positional lanes.sh syntax; exits 0/1/2/3/4/5	cli vectors	kept	rpc-envelope exits; LEGACY-COMPAT; A10	-
plan-r4	renew never extends approved max	authority.py	amended	policy.lease renew_mode rolling-within-ceiling; A5b1, A5b2; A7b (Amendment 11: the /v1 renew rows are A7b's)	renew now succeeds inside ceiling (Grok 2)
plan-r4	deployment gate: probe, confirm inventory, stage release; pilot lane first; no mixed authorities	docs/release.md	amended	GATES G6; A-ASM, B-ASM; shim modes legacy/tee/v2	shadow = tee; legacy authoritative until flip
plan-r4 #1	security CI: gitleaks, pip-audit, semgrep, shellcheck, weekly fuzz, SHA-pinned actions, dependabot	.github/workflows/ci.yml	kept	A0a (full job adds suites; security steps kept)	CodeQL only on opt-in (unchanged)
plan-r4 #2	deployable release backed up to the backup host + restore rehearsal	deploy/flightctl_release.py	amended	B5 (backup to store host until the backup host exists)	the owner 2 Oct: storage nodes; backup host target when ready
P0	test_schema_examples	tests/contracts	kept	+ tests/contracts_v2/test_v2_schema_examples	-
P0	test_inventory_semantics	tests/contracts	kept	+ inventory_semantics v2 (G07 uuid rule)	-
P0	test_roundtrip_records	tests/contracts	kept	-	-
P0	test_rpc_operation_vectors	tests/contracts	kept	v2 examples in rpc-ops; A7b	v1 vectors serve the /v1 adapter
P0	test_cli_golden_vectors	tests/contracts	amended	renew vector rewritten; A5b1, A5b2, A10; A7b (Amendment 11: the /v1 renew rows are A7b's)	expects approved maximum reached today
P0	test_executor_vectors	tests/contracts	kept	executor v2 examples; A5a	v1 vectors retire with v1 executor (A5r)
P0	test_discovery_vectors	tests/contracts	kept	discovery v2; A3b	-
P0	test_approval_bindings	tests/contracts	kept	approval v2 signing vectors in C3	-
P0	test_pipeline_policy_vectors	tests/contracts	kept	-	-
P0	test_security_hook_contracts	tests/contracts	kept	v2 rejects hooks in requests (closed admission)	-
P0	test_fake_interfaces	tests/contracts/test_fakes.py	amended	tests/conformance/*; A3, A6b	systemd part pins Grok 5 semantics
P0	test_portability_boundaries	tests/contracts	kept	+ site configs live outside repo	-
P0.1	pending release 202, owner-release stop authority, content_labels, local-action hash	README P0.1	kept	rpc-envelope pending (release-confirming); executor stop_authority owner-release; admission.content_labels	local-action hash unchanged for v1 actions
P1	test_atomic_admission	tests/authority	kept	-	-
P1	test_durable_replay	tests/authority	amended	idempotency_record token_scrubbed; A7b	replay inside window returns token
P1	test_approval_proof_binding	tests/authority	kept	+ approval v2 in C3	-
P1	test_identity_and_policy	tests/authority	amended	accounts + x-ops; C1	renew clause rewritten (A5b1, A5b2; Amendment 11: the /v1 renew rows are A7b's)
P1	test_peer_lookup_and_priority	tests/authority	amended	PeerIdentity port; A7	shared-device quota now quota doc (C5b)
P1	test_queue_graph	tests/authority	kept	queue-v1 unchanged	-
P1	test_booking_boundaries	tests/authority	kept	-	-
P1	test_partition_recovery	tests/authority/test_revision2.py	specified	A8 (per-lane reconcile)	the freeze assertion is the defect
P1	test_audit_redaction	tests/authority	kept	event v2 token_redacted; lease read_form	-
P1	test_mutations	tests/authority	kept	-	-
P1 obligation	shared-device quota	authority.py:867	specified	quota; C5b	Grok 6
P2	test_fake_isolation_guard	tests/executor	dropped	conformance workload_runner (A6b)	replaced: fake is per-unit fail-closed by contract
P2	test_reserve_start_fence	tests/executor	amended	executor v2 identity fixed at reserve; A5a	Grok 1
P2	test_idempotent_start_recovery	tests/executor	kept	-	-
P2	test_pid_reuse_and_invocation	tests/executor	kept	unit invocation_id observed at start	-
P2	test_stop_without_lock_deadlock	tests/executor	kept	-	-
P2	test_cleanup_unknown	tests/executor	kept	gpu-probe unknown; unit unknown	-
P2	test_deadlines_controller_loss	tests/executor	amended	relative deadlines; A5a	-
P2	test_protected_stop_authority	tests/executor	amended	stop_authority adds operator-stop, holder-lost; A5a	-
P2	test_clock_reboot	tests/executor	amended	own boot change = reconcile; A5a	-
P2	test_executor_mutations	tests/executor	dropped	no packet owes a v2 mutation matrix; the v2 behaviour is held by the named tests of A5a, A5a2 and A5a3; Amendment 9: A5r deletes tests/executor/test_mutations.py with the v1 executor (its 13 mutants target v1 lines)	-
P3	test_positional_compatibility	tests/client	kept	new CLI; shim separately (A10)	-
P3	test_shell_quoting	tests/client	kept	-	-
P3	test_all_cli_vectors	tests/client	amended	renew vector; A5b1, A5b2; A7b (Amendment 11: the /v1 renew rows are A7b's)	-
P3	test_status_exit_json	tests/client	kept	exits unchanged	-
P3	test_fresh_and_adopt	tests/client	kept	claim unchanged	-
P3	test_bounded_wait	tests/client	amended	wait retries 202 waking; A12	-
P3	test_transport_failure_replay	tests/client	kept	-	-
P3	test_discover_dispatch	tests/client	kept	-	-
P3	test_rpc_stdin_bridge	tests/client	kept	-	-
P3	test_client_mutations	tests/client	kept	-	-
P3 gap	legacy 16-hex stdout not frozen	CLI-DIFF	contract-fixed	LEGACY-COMPAT, token_format hex16; A10	-
P4	test_arm_fresh_lifecycle .. test_roster_mutations (9 tests)	tests/roster	dropped	BLAST-RADIUS R1; replaced by shim (B3) + flightctl run/jobs (C7b1, C7b2)	repo roster/*.sh exec a client the repo never shipped (Grok)
P4 obligation	token-bound cleanup, failed-acquire traps, visible successors	roster/*.sh	moved	lab roster via shim (B3); admission.batch kept in queue; job lifecycle (C7b1, C7b2)	lesson 50a stays a lab-side rule
P5	test_atomic_load_vs_grant	tests/chat	kept	endpoint; C8	-
P5	test_external_lane_order	tests/chat	amended	endpoint_lane_order; C8	-
P5	test_load_failure	tests/chat	kept	-	-
P5	test_request_accounting	tests/chat	kept	endpoint.request_accounting refs occupant-v1	-
P5	test_streaming_inactivity	tests/chat	kept	-	-
P5	test_eviction_drain	tests/chat	kept	-	-
P5	test_failed_unload_exclusion	tests/chat	kept	-	-
P5	test_manual_reload_only	tests/chat	kept	-	-
P5	test_redacted_occupancy	tests/chat	kept	-	-
P5	test_chat_mutations	tests/chat	kept	-	-
P5 gap	units/chat never created; real unload deferred	ondemand/	specified	C8 (proxy unit + real runner)	-
P6	test_stage_confirmation	tests/integration	kept	-	-
P6	test_release_smoke	tests/integration	kept	-	-
P6	test_activate_order	tests/integration	kept	-	-
P6	test_matched_rollback_restore	tests/integration	amended	real backend subset; B5	-
P6	test_external_denylist	tests/integration	kept	GATES G2	-
P6	test_ci_security_configuration	tests/integration	amended	A0a full job	-
P6	test_assembled_scenarios	tests/integration/test_p6_scaffold.py	moved	A-ASM/B-ASM/C-ASM (G6) + sim scenarios A0c	assembled gate required a file nobody owned (Grok 8)
P6	test_integration_mutations	tests/integration	kept	-	-
P6 obligation	15-method real release backend	flightctl_release.py	amended	ReleaseBackend 5 methods; B5	CONTRACT-RECOMMENDATION s5
P7	test_raw_discovery_parsing	tests/discovery	amended	real nvidia-smi query captures; A3b	Grok 4
P7	test_partial_unknown	tests/discovery	kept	-	-
P7	test_retained_configuration	tests/discovery	kept	-	-
P7	test_real_projection	tests/discovery	amended	projection = take .inventory; A3b	-
P7	test_unknown_admission_boundary	tests/discovery	kept	-	-
P7	test_deterministic_diff	tests/discovery	kept	-	-
P7	test_bounded_probes	tests/discovery	kept	-	-
P7	test_no_side_effects	tests/discovery	kept	-	-
P7	test_discovery_mutations	tests/discovery	dropped	no packet owes a v2 mutation matrix; discovery v2 is held by A3b's named tests on replayed real captures; Amendment 9: A3c deletes test_discovery_mutations_regression_matrix (it monkeypatches the private-CSV parser A3c removes)	-
P7 obligation	AMD/sysfs fallback	discovery.py	dropped	-	no AMD compute card in the lab; AMD display cards are not lanes (INVENTORY-NOTES); re-add with real captures if one appears
grok-verified	boot-id coupling: authority stamps its pid boot id; executor rejects	authority.py:70-76, executor.py:484	contract-fixed	common relative_deadline/local_deadline, executor; A1, A5a	repro in A0c
grok-verified	no beat: protected lease quarantines at 600 s	authority.py:1096	specified	executor beat; A5b1, A5b2	repro in A0c
grok-verified	restart freeze; reconcile stub	authority.py:276-299, 1979	specified	A8	repro in A0c
grok-verified	status skips health check	authority.py:1831	specified	A8 (status uses per-lane health)	-
grok-new-1	release quarantines a good lease: unit/invocation assigned after reserve	authority.py:1126, executor.py:1579	contract-fixed	executor identity fixed before reserve; unit invocation_id observed; A5a, A5b1, A5b2	-
grok-new-2	renew can never succeed (extend added to max_end)	authority.py:1313	contract-fixed	policy.lease rolling-within-ceiling; rpc-ops renew_args ttl_s; A5b1, A5b2; A7b (Amendment 11: the /v1 renew rows are A7b's)	-
grok-new-3	one GPUProbe protocol, two result shapes; no 512 MiB rule in executor	tests/fakes/gpu.py, executor.py:1719	contract-fixed	gpu-probe split inventory/occupancy with thresholds; A3	-
grok-new-4	discovery asks nvidia-smi then parses private CSV; AMD imagined	discovery.py:1002, :258	contract-fixed	gpu-probe x-real-commands; discovery v2; A3, A3b, A3c (v1 retired, Amendment 9)	-
grok-new-5	systemd fake: unscripted = success; stop clears all occupants	tests/fakes/systemd.py	contract-fixed	unit.schema.json per-unit fail-closed; FakeRunner; A6b	-
grok-new-6	quotas cannot be stored in a confirmed policy	common.schema.json:362	contract-fixed	policy.quotas config_ref + quota.schema.json; C5b	-
grok-new-7	authority throws away executor reason	authority.py:737-752	contract-fixed	typed_error cause chain (common), executor reply error, rpc-envelope error.cause; A5b1, A5b2	-
grok-new-8	assembled gate names ondemand/qwen-od-proxy.sh	test_p6_scaffold.py:567	specified	A0c rewrites gate; ASM packets own assembly	-
grok-new-9	CI runs only contracts+integration	.github/workflows/ci.yml:52	specified	A0a full job; GATES G2 (lab-ci + hosted)	-
grok-plan-gap	no package owns listener, ssh forced command, timer, reconcile loop, watcher, wake, shim, workload handoff	plan r4	specified	A4, A4u, A4ub (timer), A5a3 (enforcer one-shot), A5a4 (executor_transport conformance, Amendment 11), A7 (authority unit template, Amendment 11), A8, B4, A12, A10, C7b1, C7b2 + A-ASM/B-ASM/C-ASM owners (Amendment 9: A4ub, A5a3)	lesson 63
grok-plan-gap	lane PCI/UUID/NUMA absent	inventory-v1	contract-fixed	inventory device uuid/pci_bus_id/numa_node; A3b	G07
grok-review	approvals accepted fake-only evidence	Astra reviews	specified	GATES G3/G4 (real twin + realtime per seam)	-
G01	authority server + whois	-	specified	A7	-
G02	cross-host clock coupling	executor-v1	contract-fixed	A1, A5a	-
G03	beat + renew	authority	specified	A5b1, A5b2; A7b (Amendment 11: /v1 renew)	-
G04	executor entry point + transport + timer	-	specified	A4, A5a3 (v2 wire, enforcer one-shot), A5a4 (executor_transport conformance; Amendment 11), A4ub (timer); Amendment 9 (was A4, A4u)	-
G05	real GPUProbe + Systemd adapters	-	specified	A3, A6	-
G06	legacy CLI compatibility	-	specified	A10, B3	-
G07	lane-to-card binding	inventory-v1	contract-fixed	A3b	-
G08	real release backend	file backend	amended	B5 (5 methods)	-
G09	watcher	-	specified	B4	-
G10	assembled acceptance	scaffold skip	moved	ASM packets G6	-
G11	adapters for existing callers	-	specified	B3 (+C8 on-demand)	-
G12	workload handoff for flightctl run / roster	client.py:1923	specified	C7b1, C7b2 jobs; B3 shim for roster	-
G13	wake-on-acquire	-	specified	A11, A12	-
G14	sleep guards lose lane signal at cutover	-	specified	A11 inhibitor	guards honour idle inhibitor (measured)
G15	backup host	-	amended	B5 to store host now	-
G16	FIDO2 path	fixture signer	specified	C3	-
G17	CI coverage	-	specified	A0a	-
G18	policy cannot carry quotas	common-v1	contract-fixed	policy v2 + quota; C5b	-
G19	desktop lane rules	-	specified	inventory lane_rules, window quiet-hours; C4b	-
G20	executor model vs lab workloads	executor-v1 image_digest	specified	executor work_mode holder|unit, argv-unit workload; A5a, C7b1, C7b2	image_digest workloads deferred (containers later)
G21	legacy on-demand armed for a missing GPU	lab side	moved	CUTOVER-RUNBOOK A7 (lab side); C8 retires the front	-
G22	sleeping hosts vs reachability	inventory-v1	contract-fixed	inventory reachability asleep; power; A12	-
G23	store-host WoL unverified	-	moved	the owner's test; A12 gauge	-
G24	site deploy directory	-	specified	A4u layout on store host (the owner 2 Oct)	-
G25	operator ops by public id	-	contract-fixed	rpc-ops op-*; C4a	-
G26	read API for status --all and dashboard	-	contract-fixed	snapshot, events; A7b	-
G27	restart/reconcile	-	specified	A1 (boot id), A8	-
G28	holder liveness	-	specified	lease.holder_binding, heartbeat op; B2	-
john-2oct	every fake has a real twin, flip by config	-	contract-fixed	adapters.schema.json, ADAPTERS.md, interfaces.py, tests/conformance; A0b	-
john-2oct	assembly owned by a plan	-	specified	A-ASM, B-ASM, C-ASM (lead)	-
john-2oct	Slurm/TensorHive donors by licence	-	specified	DONOR-NOTES.txt	-
john-2oct	notifications email + Slack	-	specified	notification.schema.json; C10	-
john-2oct	FIDO2 only for equal-priority pre-emption/reorder of others' work	-	specified	policy.approval_matrix default; approval v2 target/beneficiary; C3, C4a	-
john-2oct	linger only if needed	-	specified	inventory power.linger; A6 conformance logout case decides	-
john-2oct	deploy dir + central model store/cache on storage node	-	specified	storage.schema.json, executor stage, A4u, C6a, C6b	-
john-2oct	shadow per lane then live flip (3 days)	-	contract-fixed	adapters lane mode, LEGACY-COMPAT tee, policy.shadow, A9, A-ASM	-
john-2oct	pstack/poteto flow with gauge proof per packet	-	specified	GATES.txt flow + G0-G6	-
john-2oct	lab-ci runs the full suite as a gate for every packet	-	specified	A0a; GATES G2	-
john-2oct	Linux only	-	specified	GATES G2; A0a (no Windows/macOS jobs)	-
john-2oct	CLI first, then web frontend	-	specified	A10/A7b before C11a/C11b	-
target	accounts/groups/sponsors/agents as principals	-	specified	accounts; C1	-
target	API tokens scoped/expiring/revocable	-	specified	accounts token_metadata; C2	-
target	quotas incl. GPU-hours per week	-	specified	quota; C5b	-
target	usage records + weekly report	-	specified	usage; C5a	-
target	batch jobs via templates	-	specified	job, template; C7a, C7b1, C7b2, C7c	-
target	SSH sessions bound to a lease	-	specified	session; C9	-
target	maintenance windows and drain	-	specified	window; C4b	-
target	thermal-aware admission (refuse-new, never kill)	-	specified	policy.thermal; B4	-
target	MCP for agents	-	specified	rpc-ops x-ops mcp column; C12	-
target	fair share, credits, tariff/battery, reliability score, containers, Jupyter, OIDC, federation	-	deferred	quota.credits reserved null; ROADMAP S29-S33	need usage history and per-lane power first (TARGET-MODEL)
sol6-B1	A-ASM depends on inhibitor/waker delivered after it (cycle)	SLICES r1	specified	A11 inhibitor, A12 waker before A-ASM; A-ASM step 4 proves the inhibitor under the legacy fence; tests/contracts_v2/test_v2_plan.py checks assembly ports are delivered earlier	-
sol6-B2	GPU empty certified with 19 GiB used	gpu-probe r1	superseded	gpu-probe emptiness_rule (aggregate memory, unknown memory = tenant, no lease processes); executor stop requires occupancy.empty; oracle + real captures (tests/contracts_v2/test_v2_occupancy.py); A3	superseded by sol6r3-B2
sol6-B3	live may contain fake feature ports; CommandRunner unselected; shadow leaves write paths	adapters r1	contract-fixed	adapters features + x-required-ports, command_runner port, lane-scoped mutating ports forced non-writing in shadow; adapters_semantics; A0b	-
sol6-B4	plain-HTTP origin breaks WebAuthn	A7 r1	specified	A7 HTTPS terminated in-process with a PRIVATE-CA certificate (adapters.tls; Amendment 1 replaced tailscale cert); socket peer kept for whois; C11b rp_id = tls.server_name	owner action: run the private CA + renewer and distribute its root (Amendment 1)
sol6-B5	friend sessions lack enforced GPU isolation and lease-bound stop	session r1, C9	specified	session schema (device_allow, close_proof); C7h flightctl-helper (device cgroup, terminate-user + slice stop); C9 real-SSH acceptance; gated on owner Q1	-
sol6-B6	no authenticated job-output retrieval	rpc-ops r1	specified	job-output-list/get ops, executor output kind, output_list/output_chunk results; C7c friend-client test	-
sol6-B7	evidence misattributed; lax skips; G1 vs MIGRATION; assembly T-list	conformance conftest r1, GATES r1	specified	per-case port marker, fake_only/not_dryrun declarations, strict mode; G1b + docs/v2/migration-map.tsv; per-assembly T table in SLICES; tests/contracts_v2/test_v2_harness.py, test_v2_plan.py	-
sol6-B8	quotas before their usage source	SLICES r1	contract-fixed	C5a usage (query) before C5b quotas	-
sol6-N1	deadline ceiling can drift later under delay	executor r1	superseded	relative_deadline invariant (margin, age refusal, max-end set once); beat cannot carry max-end; extend kind with approval; A5a, A5b2	superseded by sol6r3-N1
sol6-N2	model verified by size only	storage r1	contract-fixed	sha256 required at publication; present requires size+sha256; C6a, C6b	-
sol6-N3	12 h DA lease capped by batch class ceiling	policy r1	contract-fixed	quota max_lease_s replaces the class default (bounded by lane cap and absolute 12 h); lease_ceiling oracle; C5b	-
sol6-N4	clean shadow days without coverage	LEGACY-COMPAT r1	contract-fixed	policy.shadow.min_path_counts + mirror_errors_block; A9; A-ASM step 3	-
sol6-N6	keep P4 cleanup/handoff obligations before deletion	BLAST-RADIUS R1	specified	B3 acceptance test_shim_cleanup_releases_only_own_token, test_batch_manifest_successors_visible_via_queue before deletion	-
sol6r2-B1	inhibitor must be real in shadow for A-ASM step 4 but shadow forces dryrun	adapters r2	contract-fixed	adapters lane shadow_real [inhibitor] exception (shadow lane + legacy_lane only); A-ASM step 4; test_v2_round3.py::test_b1_*	real proof owed by A-ASM; round-4 crosswalk regression fixed by sol6r4-B1
sol6r2-B2	unknown-memory external process omitted from tenants with empty=true	gpu-probe r2	superseded	process partition in occupancy_semantics; noise requires known memory (schema); test_v2_round3.py::test_b2_*	superseded by sol6r3-B2
sol6r2-B3	live lane overrides required ports to fake	adapters r2	contract-fixed	effective-port check per live lane; test_v2_round3.py::test_b3_*	registry owed by A0b
sol6r2-B5	two leases of one friend on one host interfere via the user slice	session r2	superseded	policy.work max_active_per_human_per_host=1, account_busy, helper refusal; human_work_admission oracle; test_b5_*	superseded by sol6r3-B5
sol6r2-B6	friend identity vs agent-only tokens inconsistent	accounts r2, SLICES C7c	superseded	one rule (peer authenticates, token selects/narrows from allowed peer); auth_decision oracle; test_b6_*	superseded by sol6r3-B6
sol6r2-B7	strict missing twin was XFAIL; migration test checked names only	conformance conftest r2	superseded	strict_missing setup failure; tools/migration_gate.py on the real diff; test_b7_* (subprocess strict run fails; gate failure modes)	superseded by sol6r3-B7
sol6r2-N1	30 s skew + 60 s transport leaves host max-end late	common r2	superseded	authority RTT bound + shorten-only ceiling kind; host_ceiling_bound oracle; test_n1_*	superseded by sol6r3-N1
sol6r2-N5	CONFORMANCE fixed claims exceeded checks	CONFORMANCE r2	contract-fixed	statuses split into contract-fixed / specified; no row claims a running fix	-
sol6r2-new	job-output symlink/TOCTOU containment	rpc-ops r2	superseded	executor output containment rule + expect_sha256; contained_open reference; test_output_containment_refuses_symlink_escape_and_swap (real files)	superseded by sol6r3-new (output staging)
sol6r2-new	helper privilege boundary not inspectable	SLICES C7h r2	superseded	helper-config.schema.json allowlist; sudoers example; sudoers_audit/helper_install_audit; test_helper_*	superseded by sol6r3-new (effective sudo audit)
sol6r2-new	token scrub only logical	policy r2	superseded	secure_delete + wal_checkpoint(TRUNCATE) + VACUUM INTO; real SQLite test with restored backup and negative control (measured)	superseded by sol6r3-new (replay store)
sol6r3-B2	zero-GPU observation with empty=true passed the oracle	gpu-probe r3	contract-fixed	expected_uuids required (minItems 1); observed cards == expected, processes on lane cards; test_v2_round4.py::test_b2_*	production parser owed by A3
sol6r3-B5	session under the friend's own lease refused as a second item	policy r3	superseded	parent/child work: one active parent lease per friend per host, children share it; atomic UNIQUE index + helper O_EXCL claim on the same lease_id; real-process race test; test_v2_round4.py::test_b5_*	superseded by sol6r4-B5
sol6r3-B6	supplied principal with mismatched peer allowed; expired token allowed	accounts r3	superseded	principal derived from peer only (oracle takes no principal); expiry/revocation enforced; C2 boundary tests named; test_v2_round4.py::test_b6_*	superseded by sol6r4-B6
sol6r3-B7	migration gate accepted a comment naming the replacement	tools/migration_gate.py r3	superseded	replacement must be a collected pytest node; end-to-end test on a real git repo; test_v2_round4.py::test_b7_gate_rejects_replacement_named_only_in_a_comment	superseded by sol6r4-B7
sol6r3-N1	lost shorten message left the host ceiling late	executor r3	superseded	grant withheld until a reply proves receive_t + max_end_remaining_s <= approved; 202 ceiling-unconfirmed; test_v2_round4.py::test_n1_*	superseded by sol6r4-N1
sol6r3-new	absolute path accepted by the walk-down helper; hard-link smuggling	executor r3	superseded	absolute/empty components refused; trusted staging (nlink==1, job-owned, copied into executor store); test_v2_round4.py::test_output_*	superseded by sol6r4-new (agent isolation)
sol6r3-new	sudoers audit blind to group/alias grants and real sudo -l format	validation r3	superseded	effective audit on sudo -l output (format measured, sudo 1.9.17p2) + file audit with %group/User_Alias; test_v2_round4.py::test_c7h_*	superseded by sol6r4-new (required Defaults)
sol6r3-new	backup taken during the replay window keeps the token	policy r3	superseded	raw tokens only in a separate never-backed-up replay store; test with a backup taken while live, examined after the deadline, plus negative control; test_v2_round4.py::test_token_*	superseded by sol6r4-new (restore + crash order)
sol6r4-B1	milestone crosswalk scheduled A-ASM (S08) before A11/A12 (S09)	SLICES r4	contract-fixed	crosswalk is a scope map in packet-index order; plan tests check crosswalk order, milestone column monotonicity and dependency milestones	-
sol6r4-B5	helper session-open/unit-start had no parent lease; no claim release or stale rule	helper-config r4	superseded	--parent-lease on both; claim-release with close proof; claim-reconcile from authority active parents; persistent claims dir; atomic link() claim; test_v2_round5.py::test_parent_claim_lifecycle, test_stale_claims_*	superseded by sol6r5-B5
sol6r4-B6	string comparison of timestamps accepted an expired token	validation r4	contract-fixed	parse_utc to aware datetimes; test_v2_round5.py::test_token_expiry_compares_parsed_instants (Sol's .9Z case)	implementation owed by C2
sol6r4-B7	gate reduced node ids to bare names	tools/migration_gate.py r4	contract-fixed	replacement must be collected in a test file this packet changed, or match an explicit path::name node; test_v2_round5.py::test_gate_*	-
sol6r4-N1	ack without lease/request identity granted	validation r4	superseded	acks bound to lease_id, generation, host_id and a controller_request_id of this reserve; test_v2_round5.py::test_unbound_acknowledgement_never_grants	superseded by sol6r5-N1
sol6r4-new	shared fc-svc UID lets agent A read agent B's staging	helper-config r4	specified	per-job DynamicUser + 0700 StateDirectory under systemd's private parent; contract + config test now; the isolation itself is proven only by C7h's onlab test_agent_jobs_cannot_read_each_others_staging (needs root, owner-installed helper)	C7h; round 6: output-collect now resolves the job id to its recorded UID (sol6r5-new)
sol6r4-new	main DB restored without the replay store; crash between the two stores	policy r4	superseded	replay row first, main DB second; startup deletes orphans; 409 replay_unavailable + holder-lost, never a second grant; SplitStore reference on real SQLite files; test_v2_round5.py::test_split_store_*, test_restore_*	superseded by sol6r5-new (replay deadline in main record)
sol6r4-new	sudo audit passed without env_reset	validation r4	superseded	env_reset, !setenv and secure_path must be present in the effective Defaults; test_v2_round5.py::test_sudo_audit_requires_named_defaults	superseded by sol6r5-new (secure_path content)
sol6r5-B5	reconcile freed a claim the authority omitted; release raced a concurrent replacement; C7h wording refused children	helper-config r5	superseded	reconcile never removes (orphaned-quarantined / conflict, operator alert); removal only by claim-release with close proof via inode-checked tombstone rename; C7h text allows children; test_v2_round6.py::test_reconcile_*, test_release_does_not_delete_a_claim_replaced_concurrently	superseded by sol6r6-B5 (quarantine admission effect)
sol6r5-N1	failed (ok=False) bound reply granted; oracle used flat fields, not the wire shape	validation r5	superseded	grant only from a reply that validates as the executor reply wire shape, ok=True and definite=True, with nested echoed_identity/host_boot bound to the reserve; test_v2_round6.py::test_failed_reply_never_grants, test_flat_identity_fields_are_not_a_reply	superseded by sol6r6-N1 (real reserve first)
sol6r5-new	routine scrub after the window answered replay_unavailable	policy r5	superseded	token-free replay_deadline in the main idempotency record (schema-required); after the window a missing row gives the null-token grant replay; test_v2_round6.py::test_missing_replay_row_*	superseded by sol6r6-new (grant passes the retry time)
sol6r5-new	output-collect still named the withdrawn service_account	helper-config r5	superseded	output-collect --job only, resolved to the UID recorded at unit-start; C7b1 acceptance renamed; test_v2_round6.py::test_output_collect_takes_job_id_only	superseded by sol6r6-new (doc wording grep)
sol6r5-new	empty or non-standard secure_path passed	validation r5	superseded	secure_path must be a non-empty list drawn from the standard root-owned system dirs; test_v2_round6.py::test_secure_path_must_be_standard_system_dirs	superseded by sol6r6-new (empty components)
sol6r6-B5	an orphaned-quarantined claim still admitted children of the old parent	helper-config r6	superseded	reconcile writes a quarantine marker; every claim (parent or child) is refused while it exists; only operator claim-clear with the close proof lifts it (claim removed first, marker last); test_v2_round7.py::test_sol_r6_quarantine_blocks_children_of_the_old_parent, test_v2_round6.py::test_reconcile_never_removes_an_omitted_claim	superseded by sol6r7-B5 (C7h text contradiction; no operator authorization)
sol6r6-N1	a ceiling ack confirmed from a dry-run, a non-reserve kind or a free observed_state	validation r6	superseded	a reserve reply with observed_state reserved must come first; a ceiling reply counts only after it and in a fenced state (reserved/starting/running); dry_run must be false; test_v2_round7.py::test_sol_r6_ceiling_only_after_a_real_reserve	superseded by sol6r7-N1 (reserved reply with no persisted fence granted)
sol6r6-new	grant() duplicate path replayed with now=0.0, leaking the raw token after the deadline	validation r6	contract-fixed	grant takes a required keyword now and passes it to the replay; after the deadline the retry gets the null-token replay even when the row still exists; test_v2_round7.py::test_sol_r6_duplicate_grant_after_deadline_with_row_present_returns_null_token	authority store owed by A5b1s (Amendment 11)
sol6r6-new	'service account' wording left in SLICES C7b1 and README	docs r6	contract-fixed	wording now names the per-job DynamicUser; a docs grep test refuses service-account/fc-svc outside a withdrawal context; test_v2_round7.py::test_sol_r6_no_service_account_in_agent_execution_docs	-
sol6r6-new	secure_path with empty components (escaped colons) passed	validation r6	contract-fixed	secure_path splits on ':' and '\:'; any empty component (leading, trailing, doubled) fails; test_v2_round7.py::test_sol_r6_secure_path_empty_components	install audit in C7h
sol7-self	self-adversarial probes over rounds 4-7 rules (occupancy, claims, auth expiry, migration gate, ceiling grant, staging, sudo, split store, isolation wording, plan order)	tests r7	probes	test_v2_round7.py::test_self_* (26 tests, 32 cases); Sol 6 r7 showed three of them were vacuous (race, ceiling, docs grep); strengthened in round 8	listed in RESPONSE-TO-SOL6.tsv
sol6r7-B5	C7h stated two admission rules; claim-clear had no operator authorization; claim rollback could unlink a replaced claim	helper-config r7	superseded	one admission rule, verbatim in SLICES C7h, session-open and unit-start; claim-clear is a separate 0700 root program reached only by the operator's own sudoers rule without NOPASSWD and checked against SUDO_USER/SUDO_UID (clear_authorized, operator_sudo_audit, no_clear_route_audit); admission+start, release/clear and the reconcile marker share one per-account flock; rollback is inode-checked; test_v2_round8.py::test_c7h_admission_rule_is_stated_once_everywhere, test_claim_clear_requires_operator_sudo_path, test_operator_route_must_reauthenticate, test_claim_rollback_unlinks_only_its_own_inode, test_v2_round7.py::test_self_quarantine_racing_a_claim_never_leaves_an_admitted_child	superseded by sol6r8-B5 (fresh authentication; wildcard/alias routes)
sol6r7-N1	a reserve reply with observed_state reserved but fences [] and inhibitor null granted	executor r7	contract-fixed	schema: an ok non-dry-run reserve reply must report a fence; oracle fence_evidence_ok: exactly one fence on the lane with the echoed identity, state equal to observed_state, not rebooted, and a held lane/generation inhibitor where the lane requires one; test_v2_round8.py::test_sol_r7_reserved_reply_with_no_fence_and_no_inhibitor_never_grants, test_ceiling_needs_persisted_fence	implementation owed by A5b1c (Amendment 11; its test is named test_grant_needs_persisted_fence)
sol6r7-new	replay ignored request_fingerprint: a changed payload under the same request id got the stored response	rpc-envelope r7	superseded	fingerprint checked first: mismatch is 409 conflict at any time, with no lease id, token or holder-lost side effect; test_v2_round8.py::test_replay_checks_request_fingerprint	superseded by sol6r8-new (principal scope)
sol6r7-new	self-adversarial probes were partly vacuous (race checked only a later call; ceiling probes had no fence; docs grep had a same-line exemption)	tests r7	contract-fixed	race test now records every start and fails when the account lock is removed (5/5 runs); ceiling probes carry full fence evidence; docs grep matches each occurrence inside a withdrawal phrase; test_v2_round7.py::test_self_quarantine_racing_*, test_self_ceiling_*, test_sol_r7_affirmative_instruction_next_to_withdrawn_is_still_an_offender	-
sol8-self	round-8 adversarial probes over the new rules	tests r8	probes	test_v2_round8.py::test_ceiling_needs_persisted_fence (9 mutations), test_inhibitor_only_where_the_lane_requires_it, test_ceiling_reply_also_needs_its_fence, test_claim_cleared_and_replaced_before_the_recheck_is_not_ours, test_clear_needs_quarantine_proof_and_the_claimed_lease, test_executor_and_friends_have_no_route_to_clear	listed in RESPONSE-TO-SOL6.tsv
sol6r8-B5	claim-clear 're-authenticates' was false under sudo's cached timestamp; wildcard/directory/regex/argument/alias grants escaped both route audits	helper-config r8	specified	contract and example require Defaults!<program> timestamp_timeout=0; clear_fresh_auth_audit computes the effective value (sudoers(5) precedence) and forbids !authenticate; route matching per sudoers(5) with Cmnd_Alias expansion and fail-closed unknown aliases; test_v2_round9.py::test_operator_audit_fails_without_fresh_auth, test_sol_r8_friend_wildcard_grant_reaches_clear, test_sol_r8_operator_extra_nopasswd_wildcard_fails	freeze (Sol 6 r9): the install audit still passes the two carried counterexamples (sol6r9-new rows), so no executable check proves the fix today; C7h acceptance (test_install_audit, test_claim_clear_prompts_every_time) and C7h's review decide when this becomes contract-fixed. Fresh-prompt evidence: documented (sudoers(5) 1.9.17p2), not measured
sol6r8-new	SplitStore keyed idempotency and replay by request_id only: a second principal with the same id and payload got the first principal's lease and raw token	validation r8	contract-fixed	idem and replay rows keyed by (principal_id, request_id); rpc-envelope idempotency_record description; test_v2_round9.py::test_second_principal_same_id_same_payload_never_gets_the_first_token	authority store owed by A5b1s (Amendment 11)
sol9-self	round-9 adversarial probes and mutation checks over fresh auth, route matching and principal scope	tests r9	probes	test_v2_round9.py::test_self_* ; mutation checks recorded in RESPONSE-TO-SOL6.tsv	-
sol6r9-new	effective exempt_group containing the operator defeats the claim-clear prompt while operator_sudo_audit passes	validation r9	carried	C7h test_install_audit; reference test_v2_freeze.py::test_carried_exempt_group_defeats_fresh_auth (strict xfail)	owed by C7h
sol6r9-new	a later NOPASSWD: tag after a comma ('/usr/bin/true, NOPASSWD: <claim-clear>') is read as command text, so both operator audits pass	validation r9	carried	C7h test_install_audit; reference test_v2_freeze.py::test_carried_per_command_tags_after_a_comma (strict xfail)	owed by C7h
amd1-Q1	owner Q1 answered: (c) for R1, infrastructure for (a) built behind a flag	OPEN-QUESTIONS Q1	amended	adapters features.friend_sessions (default false) + helper.json mirror; sessions requires it; helper refuses friend paths when off; C9 built and tested, not enabled; test_v2_amendment1.py::test_friend_sessions_flag_*, test_helper_refuses_friend_paths_when_off	C7h, C9, C-ASM
amd1-Q2	owner Q2: private CA instead of tailscale cert (certificate-transparency exposure)	A7 r1	amended	adapters.tls (CA-agnostic files + rotation), tls_cert_decision oracle, A7 rotation/refusal acceptance; whois identity unchanged; test_v2_amendment1.py::test_tls_block_*, test_tls_cert_decision, test_no_tailscale_cert_dependency_left	A7, C11b
amd1-Q3	owner Q3: operator account decided (site data, lab drafts only)	OPEN-QUESTIONS	amended	OPEN-QUESTIONS records the decision and the audit requirement (no NOPASSWD route, no exempt_group); a dedicated executor account is an owner action because operator_account must differ from caller_account; test_v2_amendment1.py::test_open_questions_record_q1_to_q4	C7h
amd1-Q4	owner Q4: sshd AuthorizedKeysFile change deferred to C9 enablement with lockout safety	OPEN-QUESTIONS, C9	amended	inventory host ssh_server; c9_host_eligible (openssh only); C9 pre-enable runbook (both key paths, sshd -t, open root session + console, timed rollback, reload not restart); C9 acceptance on a dedicated test sshd; test_v2_amendment1.py::test_c9_runbook_*, test_c9_hosts_openssh_only	C9
sol6amd1-Q2	A7 named no trust anchor ('configured root' undefined); incumbent expiry undefined	adapters amd1	superseded	adapters.tls.trust_anchor (root_ca_files, optional pinned_root_sha256) required; tls_cert_decision refuses chains rooted elsewhere; tls_listener_action stops TLS when the incumbent expires without a valid replacement; test_v2_amendment1.py::test_chain_rooted_elsewhere_and_pins, test_incumbent_expiry_stops_tls	superseded by sol6amd1r2-Q2 (incumbent re-validated under the current config)
sol6amd1-Q4	C9 runbook hardcoded .ssh/authorized_keys and would drop a host's real path (e.g. /etc/ssh/keys/%u)	SLICES C9 amd1	superseded	runbook discovers effective settings with sshd -T [-C user,host,addr], preserves every path in order, appends the managed dir, verifies before reload, stops on Match overrides or 'none'; test_v2_amendment1.py::test_runbook_preserves_non_default_path, test_runbook_verification_*	superseded by sol6amd1r3-Q4 (runbook login proof with the flag off)
sol6amd1-Q1	flag-off wording claimed every friend path refused, but cleanup paths stay callable	helper-config amd1	contract-fixed	flag off refuses only session-open and unit-start --account; cleanup/safety paths stay; test_v2_amendment1.py::test_helper_flag_off_refuses_creation_allows_cleanup	C7h owes test_friend_flag_off_refuses_creation_allows_cleanup
sol6amd1r2-Q2	date-valid incumbent kept after its root was removed from trust_anchor (also pin removed, server_name changed)	validation amd1 r2	contract-fixed	trust_anchor + pins + exact SAN + validity; tls_listener_action keeps the incumbent only if tls_cert_decision re-run under the CURRENT config passes, else stop-tls + alert (or a valid candidate); test_v2_amendment1.py::test_config_change_revalidates_incumbent[3], test_chain_rooted_elsewhere_and_pins, test_incumbent_expiry_stops_tls	A7 owes the live-listener tests incl. test_anchor_change_revalidates_incumbent
sol6amd1r2-Q4	OPEN-QUESTIONS still gave a literal AuthorizedKeysFile value	docs amd1 r2	contract-fixed	reference to the C9 effective-path runbook; test_v2_amendment1.py::test_no_literal_authorized_keys_file_line_in_docs	-
sol6amd1r3-Q4	C9 runbook step 7 needed a managed-key login before the flag could be turned on, but session-open is refused while it is off	helper-config amd1 r3	superseded	bounded session probe (separate root-only program via the operator's re-authenticating sudo rule; probe_account only; one key; TTL <= 900 s with expiry-time; removed on expiry, revoke and rollback; audited); runbook steps 5/7/8 use it; test_v2_amendment1.py::test_probe_*	superseded by sol6amd1r4-Q4 (Z-suffixed expiry; root-only sweep)
sol6amd1r4-Q4	probe expiry-time written without Z (sshd reads it in the system time zone); rollback timer could not revoke through the operator-only path	helper-config amd1 r4	contract-fixed	Z-suffixed UTC expiry (sshd_expiry_effective under 5 zones <= issue+900 s); root-only remove-only --sweep (expired|all; probe_account only; non-probe content left; idempotent; audited) with sweep service/timer; add path refused from a root context; test_v2_amendment1.py::test_probe_expiry_is_utc_whatever_the_server_tz, test_sweep_*	C7h owes test_session_probe_bounds incl. the sweep; C9 owes test_runbook_probe_login_with_flag_off
sol6amd1r5-Q4	probe_sweep returned silently on no-key and on unexpired-skip although C7h requires an audit event for every probe call	validation amd1 r5	contract-fixed	every sweep outcome emits exactly one audit event (removed / none-present / skipped-unexpired / refused-non-probe / refused); test_v2_amendment1.py::test_every_sweep_outcome_is_audited	C7h owes test_session_probe_bounds incl. sweep auditing
sol6amd1r6-Q1	global friend_sessions enabled every OpenSSH host although the runbook proves one host	inventory amd1 r6	superseded	inventory hosts[].friend_sessions_enabled + c9_proof (schema: true only on openssh with proof); authority_admits_friend_work and helper_flag_expected require global AND per-host; runbook step 8 sets the per-host flag only; test_v2_amendment1.py::test_per_host_gate_*	superseded by sol6amd1r7-Q1 (helper sees both gates; host-bound proof)
sol6amd1r6-Q2	A-ASM still told the owner to enable tailnet HTTPS certificates	SLICES amd1 r6	contract-fixed	A-ASM names the private-CA prerequisite; doc-wide test forbids tailscale-cert / tailnet-HTTPS instructions in active text; test_v2_amendment1.py::test_no_active_tailnet_cert_instruction	-
sol6amd1r7-Q1	helper flag true with the global flag false was accepted by the helper; a copied c9_proof admitted host B; global-equality consistency rule rejected valid mixed deployments	helper-config/inventory amd1 r7	superseded	helper carries global+host flags and c9_binding, re-measures live host facts; proof bound to host id, host key, machine-id, sshd -T hash and the stored artefact; per-host friend_sessions_consistent must pass before activation; test_v2_amendment1.py::test_r8_*	superseded by sol6amd1r8-Q1/Q4 (fail-closed disable; user-specific binding)
amd1r8-self	adversarial self-pass over the C9 enablement path (flag combinations, proof reuse, stale sshd config, re-image, clock rollback)	tests amd1 r8	probes	test_v2_amendment1.py::test_r8_*; found and fixed: a wall-clock rollback could extend a probe key (now monotonic + boot-bound)	-
sol6amd1r8-Q1	site flag turned off while a helper kept friend_sessions_global=true: helper still accepted session-open	validation amd1 r8	contract-fixed	fail-closed disable ordering: authority refuses at once, helper copies written false and read back, unreachable hosts disable-pending with no work, site reported off only when none pending; test_v2_amendment1.py::test_r9_disable_*	C9 owes test_disable_ordering_fail_closed; residual: stale copy on an unreachable host (direct local call only)
sol6amd1r8-Q4	binding hashed only the global sshd -T: a Match User change for a friend account went undetected; host key choice and check-to-creation ordering unspecified	validation amd1 r8	superseded	sshd_effective_digest (global + per-user sshd -T -C); sshd_host_keys_sha256 over all host keys; helper_create_friend_work re-measures at the commit point and undoes; full runbook re-run on any bound change; test_v2_amendment1.py::test_r9_user_*, test_r9_host_keys_*, test_r9_check_create_*	superseded by sol6amd1r9-Q4 (context-dependent key settings refused; file-set digest)
sol6amd1r8-mono	probe add/sweep accepted an omitted monotonic value and fell back to wall time	validation amd1 r8	contract-fixed	mono_now and boot_id required; a record without them is swept as expired; test_v2_amendment1.py::test_r9_monotonic_*	C7h owes test_probe_sweep_requires_real_monotonic_clock
amd1r9-review	C9 enablement requires a dedicated security review of the then-current implementation before activation; R1 ships with every friend flag off	SLICES C9 amd1 r9	specified	SLICES C9 SECURITY REVIEW clause; test_v2_amendment1.py::test_r9_security_review_clause	the review itself is owed at enablement time
sol6amd1r9-Q4	one sampled sshd -T -C context per user missed a Match Address/Host block for another permitted client (reproduced on real OpenSSH 10.5p1)	validation amd1 r9	superseded	refuse, not enumerate: sshd_context_problems over the Include-expanded file set refuses any SSHD_KEY_RELEVANT directive in a conditional context; digest binds the file set; proof outcome no_conditional_key_settings; sshd_effective keyword case fixed (measured mixed case on 10.5p1); test_v2_amendment1.py::test_r10_*	superseded by sol6amd1r10-Q4 (aliases canonicalised; unknown Match keywords refused; runbook synced)
amd1r10-obl-1	review-obligation-stale-copy: an unreachable host keeps a stale helper copy during a disable	SLICES C9 amd1 r10	specified	named obligation of the C9 pre-enablement security review (accepted residual, Sol 6 amd1 r9)	C9 security review
amd1r10-obl-2	review-obligation-loaded-vs-file: sshd -T reads files; a running daemon whose loaded config differs is not detected	SLICES C9 amd1 r10	specified	named obligation of the C9 pre-enablement security review (accepted residual, Sol 6 amd1 r9)	C9 security review
amd1r10-obl-3	review-obligation-post-commit: configuration changes after a creation's commit affect only later creations	SLICES C9 amd1 r10	specified	named obligation of the C9 pre-enablement security review (accepted residual, Sol 6 amd1 r9)	C9 security review
sol6amd1r10-Q4	ChallengeResponseAuthentication (alias of KbdInteractiveAuthentication) in a Match passed; runbook steps 3/8 out of date with the proof schema	validation/SLICES amd1 r10	contract-fixed	aliases canonicalised from a measured sweep of the OpenSSH 10.5p1 binary; unknown keywords in Match contexts refused; runbook step 8 lists every c9_proof field, input and outcome, enforced by test_v2_amendment1.py::test_r11_runbook_matches_the_proof_schema; test_r11_*	C9 owes test_context_dependent_key_settings_refused on each host's real config (and that host's sshd release)
sol61-P1-1	any process below process_noise_mib was noise: one or eight 300 MiB unrelated CUDA processes left the lane empty (contradicts T10)	gpu-probe/validation amd1	superseded	noise only by allow-listed identity (owner uid, argv[0], context type G or C+G; measured Type field on driver 610.57.04) within noise_cap_mib; every other process is a tenant; lane external_tenant carries noise_allowlist + noise_cap_mib; test_v2_amendment2.py::test_p1_1_*	superseded by sol61r2-1 (context type per (gpu_uuid, pid))
sol61-P1-2	genuine DynamicUser outputs (host owner = overflow uid under id-mapping) were rejected as foreign	helper-config/validation amd1	contract-fixed	namespace-aware expected owner = host-visible owner of the job's StateDirectory when it is the recorded uid or the overflow uid (measured 65534); else nothing collected; hard links and foreign files still rejected; test_v2_amendment2.py::test_p1_2_*	C7b1 owes test_dynamicuser_write_stop_collect_fetch (onlab); the id-mapped behaviour is documented (systemd v261), not measured here
sol61-P1-3	ports and executor workload lacked work, lease and parent-lease identity; Waker.wake and ReleaseBackend had no timeout	interfaces/executor amd1	contract-fixed	WorkloadRunner.start(work_id, lease_id, lane_id, parent_lease_id), SessionGateway.open/close(parent_lease_id, lane_id), executor workload.work_id, helper unit-start --job/--lease/--lane, timeout_s on every port method except Clock; no hidden adapter state; test_v2_amendment2.py::test_p1_3_*	A6, A12, B5, C9 adapters owe conformance under the new signatures
sol61-P1-4	the carried freeze cases called the frozen oracle and C7h had no migration row to remove their marks (also A0c repro fixing packets)	FROZEN/GATES amd1	superseded	install_audit fixture (production flightctl.install_audit, oracle stand-in); migration rows for C7h and for A5a/A5b2/A5b1/A8 on exact A0c repro files; real migration_gate check + collection on a simulated C7h diff passes, fails without the rows; test_v2_amendment2.py::test_p1_4_*	superseded by sol61r2-2 (ledger completion state accepted)
sol61-P1-5	A-ASM's T04 standby case needed a managed unit before managed execution exists (C7b1)	SLICES amd1	superseded	T04 split by name: T04a holder variant at A-ASM, T04b managed-unit variant at C7b1 and C-ASM; test_v2_amendment2.py::test_p1_5_*	superseded by sol61r2-4 (B-ASM T04a; prerequisite plan check)
sol61-P2	the GPU job path through the helper had no on-lab proof	SLICES amd1	specified	per-lane onlab acceptance: test_cuda_job_production_path (C7b1), test_cancel_and_preempt_with_gpu_memory_allocated, test_controller_loss_during_gpu_job, test_no_successor_grant_before_teardown_verified (C7b2), all re-run per lane at C-ASM; C9 review-obligation-no-credentials-outside-window; test_v2_amendment2.py::test_p2_*	C7b1, C7b2, C-ASM
sol61r2-1	context type keyed by pid: a process C+G on card A and pure C on card B left card B as noise (empty=true)	validation amd2	contract-fixed	context type per (gpu_uuid, pid) (context_types); a missing per-card type is null and never noise; mixed same-pid capture; test_v2_amendment2.py::test_r2_same_pid_*, test_r2_missing_per_card_type_*	A3 parser must key by device entry
sol61r2-2	the freeze ledger test pinned 'carried'/'specified', so C7h's required completion broke it	tests amd2	contract-fixed	ledger accepts PENDING or COMPLETED (all three contract-fixed) only, completed only with the production audit passing both cases; migration row for the ledger test; real migration_gate + whole contracts suite on a simulated completed C7h tree pass; negatives fail; test_v2_freeze.py::test_carried_obligations_are_recorded	C7h completes the route
sol61r2-3	C7b1 acceptance needed job-output-get, which C7c delivers (cycle)	SLICES amd2	contract-fixed	C7b1 proves write -> stop -> collect (owners recorded, overflow verified, registry + private StateDirectory binding); C7c proves the authenticated fetch; C-ASM keeps the non-droppable test_job_output_end_to_end; test_v2_amendment2.py::test_r2_every_acceptance_prerequisite_is_delivered_earlier	C7b1, C7c, C-ASM
sol61r2-4	B-ASM still required unsplit T04	SLICES amd2	contract-fixed	B-ASM re-runs T04a; table reconciled (T04a and T07 re-run at B-ASM); plan check (bounded): table Needs before Runs at; named T references (with their T05 variant, rev 3) are table rows whose Needs come earlier; later-delivered hyphenated RPC ops (owner derived from SCOPE/GOAL, rev 3) and T04b refused; test_v2_amendment2.py::test_r2_*plan*, test_r2_no_bare_t04_anywhere_active	-
sol61r2-5	conformance skeleton called SessionGateway.close() without parent_lease_id; skipped skeletons hid it	tests amd2	contract-fixed	call fixed; a non-skipped test binds the port calls of mapped receivers (simple and dotted, rev 3) in the conformance skeletons to the declared Protocol signature (bounded: arity and keywords, not argument values or method-name typos); test_v2_amendment2.py::test_r2_conformance_skeleton_calls_bind_to_the_declared_signatures, test_r2_binding_check_catches_sols_close_regression	-
sol61r2-obl	Sol 6.1 amd2 residual judgements as named obligations	SLICES amd2	specified	A3/B4 test_desktop_user_legacy_jobs_remain_tenants (multi-card; no isolation claimed from code running as the trusted uid); C7b1 test_dynamicuser_write_stop_collect records actual owners and verifies overflow, binding by registry + private StateDirectory; CUDA proof reads staged model data; C7b2 test_active_host_loss_during_gpu_job separate from controller loss	A3, B4, C7b1, C7b2
amd3-1	owner decision: C9 is a self-contained build on pre-built R1 pathways	SLICES amd3	amended	C9 to milestone D after C-ASM; new R1 packet C9w delivers every pathway refusing while off; C-ASM prerequisite and registry OWED_BY session_gateway -> C9w; test_v2_amendment3.py::test_a3_c9_is_out_of_r1_and_c9w_is_in	C9w (R1), C9 (milestone D)
amd3-2	C9's touch set: new paths plus three documentation extension points only	SLICES amd3	superseded	TOUCH SET block in the C9 brief; plan check (new paths absent and named by no R1 brief; extensions limited to CONFORMANCE.tsv, migration-map.tsv, SLICES.md); tools/touch_set_gate.py on C9's diff; test_v2_amendment3.py::test_a3_c9_touch_set_*, test_a3_touch_set_gate_on_simulated_c9_diffs	superseded by amd3r2-1 and amd3r2-6 (Sol 6.1 amd3: absence was checked in the current checkout; the touch set was not pinned; the extension points were checked by name only)
amd3-3	every C9 capability resolves to an R1-delivered pathway	SLICES amd3	superseded	R1 PATHWAYS USED table (15 capabilities -> C9w or C7h, each pathway named in that brief); test_v2_amendment3.py::test_a3_every_c9_capability_resolves_to_an_r1_pathway, test_a3_pathway_check_catches	superseded by amd3r2-4 and amd3r2-6 (Sol 6.1 amd3: the boundary lacked key enrolment, executor lifecycle and attribution; the table was not pinned)
amd3-4	friend-only C7h tests split: working behaviour to C9, refusal/cleanup stays in R1	SLICES amd3	amended	7 moved to C9; test_friend_flag_off_refuses_creation_allows_cleanup and test_session_close_order_* stay in C7h; new R1 test_friend_subcommands_registered_and_refuse_while_off; test_v2_amendment3.py::test_a3_moved_tests_and_the_r1_refusal_tests	C7h, C9w, C9; rev 2: four tests that need no creation body return to R1 (amd3r2-7)
amd3r2-1	touch-set absence was checked in the current checkout, so a legal C9 build failed the frozen suite	test_v2_amendment3 amd3	contract-fixed	touch set PINNED in test_v2_amendment3.py; new paths checked absent at the R1 base tag v2-r1 (C-ASM tags it), present only as later additions; test_v2_amendment3.py::test_a3_c9_new_paths_absent_at_the_r1_base, test_a3_r1_base_check_on_simulated_trees; whole contracts suite passes on a simulated legal C9 build	C-ASM tags v2-r1; C9
amd3r2-2	the refusing real twin could not pass session conformance; ADAPTERS named C9; no migration route for C9w	tests/conformance amd3	contract-fixed	R1 cases test_session_open_refused_while_friend_flags_off and test_session_close_on_seeded_session_proves_cleanup in test_work_support.py (friend_flags applicability; impl_*.py auto-import), so C9w edits no pre-existing test file and needs no migration row; success proof in C9's new test_session_gateway_c9.py; ADAPTERS SessionGateway C9w + C9; test_v2_amendment3.py::test_a3_session_conformance_against_stand_ins, test_a3_conformance_loads_impl_files_and_declares_friend_flags	C9w, C9
amd3r2-3	the operator's claim-clear rule was deferred to C9 while C7h's installed audit requires it	SLICES amd3	amended	C7h installs flightctl-claim-clear and flightctl-session-probe as refusing stubs with the operator's authenticated rules in R1; test_install_audit and test_claim_clear_prompts_every_time stay in C7h; sol6r8-B5 and the sol6r9-new rows keep their C7h home and completion route; test_v2_amendment3_boundary.py::test_r1_installs_both_operator_rules_and_the_audit_passes	C7h
amd3r2-4	session boundary incomplete: no key enrolment, no executor session lifecycle, no friend-process attribution	contracts amd3	contract-fixed	rpc-ops session-key-enrol/list/revoke (scope session, CLI session key add/list/revoke; enrol refused while off); session.schema public_key_text and enrolled_key; parse_session_key, resolve_session_key; executor kind session (register, close, reconcile; local-expiry and controller-loss closes; executor_session_closes); gpu-probe attribution only by a registered open session slice (session_attribution); test_v2_amendment3_boundary.py	C9w
amd3r2-5	seam discovery imported a C9 package if present, with no installed-artefact policy	SLICES amd3	superseded	c9_absent_audit (R1 installs), release_stale_removals (activate and rollback), c9_seam_load (flags off: not read or imported; flags on: every file under the install prefix verified against the release manifest BEFORE import; import error or missing hook refuses; cleanup never uses it); test_v2_amendment3_boundary.py::test_seam_loader_*, test_c9_absent_audit_and_stale_removal	superseded by amd3r3-1 and amd3r3-2 (Sol 6.1 amd3r2: the flags-off probe had no working loader state; python3 -I kept site-packages)
amd3r2-6	the guards checked declarations, not the closed boundary (five mutations accepted)	tools/touch_set_gate amd3	contract-fixed	pinned touch set and 20-row capability set (count, identity, distinct); line-level extension rules in tools/touch_set_gate.py (C9-homed CONFORMANCE status/note only, append-only C9 migration rows, SLICES changes inside the C9 brief only and not its pinned blocks); cleanup bodies declared real with seeded R1 tests; all five Sol mutations killed; test_v2_amendment3.py	C9 runs the gate; prose accuracy stays review
amd3r2-7	friend tests that need no creation body had been moved out of R1	SLICES amd3	amended	R1 again: test_probe_sweep_requires_real_monotonic_clock (C9w); test_claim_clear_prompts_every_time, test_seeded_claim_release_and_reconcile, test_quarantine_persists_until_operator_clear, test_seeded_session_close_proof (C7h); test_v2_amendment3.py::test_a3_moved_tests_and_the_r1_refusal_tests	C7h, C9w
amd3r3-1	the flags-off probe could not reach its C9 body (loader off) while its ADD policy refuses with the flag on	SLICES amd3r2	superseded	explicit loader states off/window/on (c9_loader_state); per-host operator-opened enablement window via the session-probe operator route (c9_window_open/valid/close: ttl <= 3600 s, wall+monotonic+boot-id expiry, closes on success, failure, expiry, rollback sweep); body x state table (c9_body_allowed) checked against runbook steps 5, 7, 8 and the probe ADD policy; runbook opens/closes the window and measures with --measure; test_v2_amendment3_boundary.py::test_c9_body_state_table_every_cell, test_probe_add_has_exactly_one_working_state_the_window, test_runbook_steps_use_only_window_bodies_before_enablement, test_enablement_window_open_rules, test_loader_state_from_flags_and_window	superseded by amd3r4-1 (Sol 6.1 amd3r3: the step-7 sweep closed the window that step 8(a) needs)
amd3r3-2	python3 -I does not bound the import tree (site and site-packages stay; measured); loader oracle let a writable prefix, filesystem errors and SystemExit through	validation amd3r2	superseded	trusted startup python3 -I -S -B with sys.path = stdlib + verified prefix; authoritative meta-path guard C9ImportGuard; vendored dependencies inside the manifest; cache files refused; prefix and every ancestor inspected; OSError and any BaseException refuse; cached sys.modules entries purged; stdlib-only reference tests/contracts_v2/c9_loader.py exercised under the real -I -S -B interpreter; test_v2_amendment3_boundary.py::test_trusted_startup_flags_measured_on_this_interpreter, test_import_boundary_under_the_real_trusted_interpreter, test_seam_loader_*	superseded by amd3r4-2 (Sol 6.1 amd3r3: nested site-packages admitted; alias prefix; pre-guard cached modules)
amd3r3-3	missing-package early return reported equivalent but is not (cached sys.modules)	vac_amd3r2	contract-fixed	negative control test_seam_loader_cached_module_without_a_package_refuses and the real-interpreter cached case; the mutant is caught (vac_amd3r3.py)	C9w
amd3r3-4	key structure, revocation wording, closed-without-proof and frozen-literal gaps	validation/schemas amd3r2	contract-fixed	parse_session_key checks the complete structure per type (Ed25519 32-byte key, nistp256 uncompressed on-curve point, sk 'ssh:' application, exact consumption); a revoked fingerprint is never re-enrolled until an operator purge (session-key-revoke purge); executor session_state requires reason and an all-true proof when closed; C9 brief and AMENDMENT-3 state that C9 preserves frozen literals; test_v2_amendment3_boundary.py rev 3 cases	C9w; C9 (literals)
amd3r4-1	the operator's step-7 --sweep --all closed the window, so step 8(a)'s --measure was refused	SLICES amd3r3	contract-fixed	only the rollback unit's --sweep --all --close-window and the per-minute --sweep --expired (no-longer-valid window) close it (c9_window_sweep); step 8(a) reopens an invalid window before --measure and closes it before any flag; SEQUENCE tests carry the window state through every step: test_v2_amendment3_boundary.py::test_runbook_sequence_success_path, test_runbook_sequence_failure_paths_end_closed_and_off (6 paths), test_runbook_commands_are_all_mapped_and_in_their_steps	C9w (sweep); C9 runbook text
amd3r4-2	the guard trusted every descendant of a stdlib directory (nested site-packages admitted, measured); alias prefix imported through; a cached outside module bypassed the finder	c9_loader amd3r3	contract-fixed	exact stdlib rule stdlib_trusted (strict-startup stdlib entries, minus sysconfig purelib/platlib and any nested site-packages/dist-packages); canonical prefix bound for verification and import; preloaded_outside_modules refuses before any import; real-interpreter controls test_nested_site_packages_refused_under_the_real_interpreter (both of Sol's), test_canonical_prefix_alias_is_bound_and_swap_proof, preloaded-outside and path_exact cases	C9w
amd4-1	ADAPTERS rule 8 required an adapter-refused event that event.schema has no kind for	ADAPTERS amd3	contract-fixed	requirement dropped: refusal is exit 3 plus one stderr line per problem 'adapter-refused: port=<p|-> lane=<l|->: <message>' (what A0b's brief asked and the merged module does); test_v2_amendment4.py::test_adapter_refused_is_a_stderr_line_and_exit_3_not_an_event	A0b (merged)
amd4-2	ADAPTERS and the adapters schema named config/adapters.json.example; the file is config/adapters-v2.json.example	ADAPTERS amd3	contract-fixed	text fixed; test_v2_amendment4.py::test_the_named_example_file_exists	-
amd4-3	adapters_semantics accepted shadow_real naming a port other than the inhibitor (only the schema closed it; two R-A0b entries shipped the hole)	validation amd3	contract-fixed	oracle refuses every non-inhibitor shadow_real port; merged flightctl/adapters.py agrees (A0b tests pass; differential over 1008 configs: 0 mismatches); test_v2_amendment4.py::test_shadow_real_names_only_the_inhibitor_in_oracle_schema_and_module, test_differential_contract_versus_merged_module	A0b (merged)
amd4-4	a sim lane with a real (dryrun, record) override was accepted in profile sim by schema, oracle and module	ADAPTERS amd3	contract-fixed	not intended (rule 7 'sim refuses real, dryrun and record ports' and 'sim = all fakes' apply to effective ports, as rule 4 does for live): schema allOf if-profile-sim then lane overrides const fake; oracle rule; one-line contract-driven fix in flightctl/adapters.py check_config; test_v2_amendment4.py::test_sim_profile_refuses_non_fake_lane_overrides; rev 2: the profile-sim allOf, oracle rule and module line were removed as subsumed by amd4r2-2 (a sim lane is fake in every profile) and the off-lane rule	A0b (merged; one line)
amd4-5	a packet adding tests/<dir> must append it to ci.yml's full job, but no scope line allowed it (lesson 71)	SLICES/GATES	specified	general allowance in SLICES 'Rules every brief carries' and GATES G1 CI APPEND: exactly one token tests/<dir> per new directory; enforced by the race gate's CIYML check (rev 3: confirmed fixed, rejects wrong job/step, duplicates, existing, unadded and unrelated tokens; history: rev 2 found the first version accepted wrong job/step, duplicates and unadded dirs); test_v2_amendment4.py::test_plan_text_carries_the_ci_append_and_the_harvest_cap	every packet adding a tests/ dir
amd4-6	owner's rule: the ~400-line cap is a hard gate for race entries; a harvested merge may exceed it with the count and per-item cost reported	owner 2 Oct	specified	GATES G1 LINE CAP and SLICES size rule; test_v2_amendment4.py::test_plan_text_carries_the_ci_append_and_the_harvest_cap	every race and merge
amd4r2-1	ADAPTERS rule 6 (no dryrun twin for read-only ports) was enforced only on site selections; lane overrides could select dryrun (inherited from c676b2c)	Sol 6.1 amd4	contract-fixed	oracle and flightctl/adapters.py refuse a read-only dryrun lane override on any lane; test_v2_amendment4.py::test_rule6_read_only_lane_override_cannot_be_dryrun_on_a_live_lane, test_rule6_read_only_lane_override_cannot_be_dryrun_on_a_sim_lane	A0b (merged)
amd4r2-2	a sim lane in a live or shadow site could select or inherit real, dryrun or record lane-scoped ports	Sol 6.1 amd4	contract-fixed	ADAPTERS rule 7: a sim lane's effective lane-scoped ports are fake in every profile; shared site-level ports may be inherited, never overridden non-fake; schema (explicit overrides), oracle and flightctl/adapters.py (effective); test_v2_amendment4.py::test_sim_lane_in_a_live_or_shadow_site_runs_on_fakes	A0b (merged)
amd4r2-3	orphaned adapter-refused notification topic and adapter_refused error code (no producer in R1)	Sol 6.1 amd4	contract-fixed	both removed from notification.schema and common.schema; test_v2_amendment4.py::test_orphaned_adapter_refused_topic_and_error_code_are_removed	-
amd4r2-4	the pr-job Semgrep step never scanned flightctl/ and semgrep's default ignore list skipped tests/ (4 files scanned in a git checkout)	lead (measured)	contract-fixed	pr job scans flightctl deploy tests with a repo .semgrepignore (105 files in lab-ci-python:3.12, exit 0); 7 deliberate test findings carry nosemgrep with reasons; pinned assertion updated under contracts-v2 migration-map rows (the stream test_b7 gates), proven by the real migration_gate and test_b7 on the committed diff	A0a
amd5-1	A3 did not fit one race (two ports, seven items, captures only the gauge records, an inventory binding only A4u provides)	R-A3 plan notes	amended	A3 = OccupancyProbe real twin (4 named tests, ports occupancy_probe); new A3i = InventoryProbe + golden captures + probe fakes (ports inventory_probe, fixture migration rows); A3b depends on A3i; test_expected_uuids_come_from_confirmed_inventory to A4u (siteconfig); test_v2_amendment5.py::test_a3_is_split_into_occupancy_part_1_and_inventory_part_2	A3, A3i, A4u
amd5-2	CommandResult had seven keys; A2 returns eight (error)	R-A2	contract-fixed	interfaces.CommandResult.error (typed_error or None); test_v2_amendment5.py::test_command_result_has_the_typed_error_key_a2_returns (against the merged LocalCommandRunner)	A2 (merged)
amd5-3	a one-string (rewritten) command line can never equal an allow-list argv0, so a browser C+G context blocks admission	R-A3 (measured)	contract-fixed	argv0_matches: equality or entry + space (not 'before the first space': paths contain spaces, measured; not /proc/<pid>/exe: unreadable across users, measured); root/DynamicUser/C/cap unchanged; test_v2_amendment5.py::test_allowlist_matches_rewritten_one_string_command_lines, test_one_string_noise_keeps_root_dynamicuser_and_cap_rules	A3 (conformed: _noise_ok, commit 'A3: conform to Amendment 5'); Amendment 10 (amd10-1): an entry with leading or trailing ASCII whitespace is refused
amd5-4	x-real-commands named the plain PIDS query, keyed by PCI bus id	R-A3 (measured)	contract-fixed	per-card nvidia-smi -q -d PIDS -i <uuid>; test_v2_amendment5.py::test_x_real_commands_name_the_per_card_pids_query	A3
amd5-5	occupancy_from_capture returned ok observations the schema refuses (9 inputs)	R-A3 VALIDATION checklist 3	contract-fixed	out-of-range, fractional, non-finite numbers, pid 0 and negative memory -> unknown; unknown context type -> null; seeded 600-case corpus always schema-valid; test_v2_amendment5.py::test_oracle_*	A3 (conformed: _parse_gpus bounds, _parse_procs pid/memory, commit 'A3: conform to Amendment 5')
amd5-6	strict conformance passes vacuously without the hardware (real cases pass on unknown)	R-A3 (measured)	specified	GATES G3: a probe real twin's evidence includes at least one status-ok observation from the real host; test_v2_amendment5.py::test_g3_needs_a_status_ok_observation_from_the_real_host	the gauge
amd9-1	A4u did not fit one race (full reference 353 changed lines after trimming; entries run 17-35% over their reference, so 410-480 against the 400-line cap), and no packet owned the enforcer one-shot command its timer runs	R-A4u staging (measured)	amended	A4u = hash-verified site config loader, verified local copy, confirmed-inventory lane binding, DEPLOY-LAYOUT.md (3 named tests; closes G24); new A4ub = unit and timer templates + renderer (test_templates_render_without_site_strings, test_timer_unit_runs_one_shot), after A4u and A5a3 (A5a3 delivers the enforcer one-shot); test_v2_amendment9.py::test_a4u_is_split_and_a4ub_follows_a5a3	A4u, A4ub, A5a3
amd9-2	A3b could not retire v1 discovery in one race: removing the AMD path and the private-CSV parser is 196 + 71 changed lines of deletions, three frozen tests fail and two turn vacuous without the parser, and none of them had a row	R-A3b staging (measured)	amended	A3b = inventory v2 card binding + discovery v2 beside v1 (4 named tests; closes G07); new A3c (lead, not raced) retires v1 discovery: the amd.json delete and two rewrite rows move from A3b (replacements = A3b's exact nodes) and five delete rows are added on tests/discovery/test_discovery.py; the deleted tests' card-binding and lane-retention obligations live in discovery v2 (A3b: test_enabled_lane_requires_uuid, test_discover_against_replayed_real_captures); test_v2_amendment9.py::test_a3b_is_split_and_a3c_retires_v1_discovery	A3b, A3c
amd9-3	A5a did not fit one race (in-process semantics with the inhibitor and five named tests measured 376 changed lines before validation, the rig, the wire and the rows), and its v1-executor rows cannot run while frozen v1 tests drive the v1 executor	R-A5a staging (measured)	amended	A5a = ExecutorV2 in holder mode, in process + the v1 cross-host fix (4 named tests + the A0c repro); A5a2 = inhibitor first, request validation, inspect/ceiling/extend; A5a3 = the v2 wire, the enforcer one-shot, executor_transport conformance (registry OWED_BY) and the four A4 transport rows; A5b1 depends on A5a3, A11 on A5a2; proposed A5r (lead, after A5b2; the owner's call against the end of A5b2) owns the v1-executor rows with A5a's exact nodes, plus the test_review4.py and test_mutations.py deletes (v1 obligations that retire with the v1 executor; A5r's staging names a v2 test for any the contract keeps); test_v2_amendment9.py::test_a5a_is_split_in_three, test_v1_executor_rows_go_to_a5r	A5a, A5a2, A5a3, A5r
amd9-4	frozen test_b7_migration_gate_on_this_branchs_real_diff failed whenever a packet executed its own migration row on a test file that existed at 59bdd7f (it accepted only contracts-v2 rows)	R-A3b, R-A6b staging (measured)	contract-fixed	every pre-existing file touched since 59bdd7f must pass migration_gate.check (G1b, unchanged) for at least one packet whose rows name it; an unmapped file, a whole-file delete only modified and a rewrite without its collected replacement still fail when no other packet's rows pass on that file; inherited from G1b: a file passes on ANY packet's rows that name it, and a path::name delete row authorises any change to its file (test_executor.py carries A6b's); tools/migration_gate.py and test_b7_migration_gate_logic unchanged; test_v2_amendment9.py::test_branch_rule_accepts_a_packets_own_rows_and_refuses_the_rest; proven both ways on throwaway commits	-
amd9-5	A6b's two v1 rows (test_fake_isolation_guard delete, test_fake_interfaces rewrite) could not run in the A6b race (amd9-4)	R-A6b staging (measured)	specified	the rows stay A6b's (replacement test_fake_runner_per_unit_fail_closed); A6b's lead merge executes them once Amendment 9 is on main; test_v2_amendment9.py::test_a6b_keeps_its_v1_rows	A6b
amd10-1	an allow-list argv0 entry with leading or trailing whitespace ("browser ", " x", "x\t", "x\n") was accepted by both schemas, the probe and the loader, yet can never match what its author meant under the Amendment 5 rule (fail-closed: the process stays a tenant)	AMENDMENT-5 rev 3 follow-up (loop #5)	contract-fixed	gpu-probe and inventory noise_allowlist argv0 pattern (no leading or trailing U+0020 or U+0009-U+000D; inner and non-ASCII whitespace legal; end anchor (?![\s\S]), not $); oracle argv0_matches returns False for such an entry; test_v2_amendment10.py::test_schema_refuses_edge_whitespace_and_keeps_inner_and_non_ascii, test_oracle_never_matches_an_edge_whitespace_entry, test_schemas_probe_and_oracle_agree_on_every_edge_character	A3 (conformed in the same commit: occupancy() ValueError), A4u (conformed: _bind_lane SiteConfigRefused naming the lane)
amd11-1	A5a3 did not fit one race: the packet as planned measured 371 changed lines before the four A4 rows (lesson 94 projects 434-500 against the 400-line cap); with schema_version 1 routed to the unchanged v1 executor, all five tests of tests/transport/test_a4_transport.py pass unchanged	A5a3 brief prep (measured on 8486622)	amended	A5a3 = the v2 wire and the enforcer one-shot (2 named realtime tests); new A5a4 = executor_transport conformance [strict] (registry OWED_BY A5a4; ports column); the four A4 transport rows move to A5r, which retires the v1 wire; A5a3 also depends on A4u (the site copy); test_v2_amendment11.py::test_a5a3_is_split_and_a5a4_owns_conformance, test_a4_transport_rows_go_to_a5r	A5a3, A5a4, A5r
amd11-2	A5b1 named eight acceptance tests (cap 5); part 1 alone measured 237 changed lines and the token storage half 119 production lines with no test, breaking three frozen tests unless designed around them; two named tests had the exact names of frozen oracle tests in test_v2_round8.py	A5b1 brief prep (measured on 97ebd15 and 1b2843b)	amended	A5b1 = protocol-2 client, identity, definite refusal, cause (4 named tests + the A0c repro); A5b1s = token storage, split store, replay rules (test_token_scrub_storage_level, test_split_store_crash_and_restore, test_store_replay_checks_request_fingerprint); A5b1c = ceiling acknowledgement (test_grant_withheld_until_ceiling_acknowledged, test_grant_needs_persisted_fence); test_v2_amendment11.py::test_a5b1_is_split_in_three_with_renamed_tests	A5b1, A5b1s, A5b1c
amd11-3	A5b1c's grant rule never confirms over a real wire without A5b2's margin (margin 0 with a 1.5 s delay: reserve and three ceilings, never confirmed; margin 30: confirmed on the reserve), and an A5b1c that lands first makes A5b2's third named test pass on its base (G0)	A5b2 sizing (measured on 0eeac41)	amended	order A5b1, A5b2, A5b1s, A5b1c; A5b1c depends on A5b2; test_v2_amendment11.py::test_a5b2_comes_before_a5b1c	A5b2, A5b1c
amd11-4	rolling renew on the protocol-1 /v1 path breaks the frozen renew vector in tests/authority/test_review3.py line 160 (expected 409, got 200), which had no row; the margin had no contract value (the round-3 oracle test used 30.0)	A5b2 sizing (measured)	contract-fixed	A5b2 rolls renew only under executor protocol 2; the three renew rows and a new test_review3.py renew vector row are A7b's (the /v1 adapter), replacement A5b2's exact node tests/authority/test_a5b2_beat_renew.py::test_renew_rolls_within_ceiling_and_refuses_past_it; policy timing.max_end_margin_s const 30 (policy.schema.json, config/policy-v2.json.example); test_v2_amendment11.py::test_renew_rows_go_to_a7b, test_max_end_margin_is_a_contract_constant	A5b2, A7b
amd11-5	A4ub's scope named authority units (service and cert-renewal timer) that no test could start: no authority server exists before A7, and the certificate renewer is the site CA's process	A4ub brief prep (read on 5aefe88)	amended	the authority service template and the authority row of the DEPLOY-LAYOUT unit table move to A7 (rendered with A4ub's render_unit; an A7 row lets it append the template to A4ub's exact-list test_templates_render_without_site_strings); the renewer is documented as a site process; test_v2_amendment11.py::test_authority_units_move_to_a7	A4ub, A7
