finding	change	commit	evidence
B1 A-ASM cyclic dependency on inhibitor/waker	B1a/B1b moved before assembly as A11 (inhibitor) and A12 (waker); A-ASM step 4 proves the real inhibitor while the legacy fence is still held; assembly prerequisite table + mechanical plan check (a port needed by an assembly must be delivered by an earlier packet)	2e81562	docs/v2/SLICES.md (index, A11, A12, A-ASM); tests/contracts_v2/test_v2_plan.py::test_assembly_prerequisite_ports_are_delivered_before_the_assembly (fails on the round-1 ordering)
B2 GPU empty with 19 GiB used	emptiness_rule: status ok + no tenants + no lease processes + unexplained aggregate memory < lane_noise_mib; unknown process memory is a tenant; occupancy gains unexplained_mib and empty; executor stop success requires occupancy.empty; device_minor added; parse rule for comma-bearing command lines	ed0180b	contracts/v2/gpu-probe.schema.json; tests/contracts_v2/captures/gpu-occupancy.json (real read-only nvidia-smi captures, sanitised: 529 MiB on a display card with zero compute rows; two-card busy cases) + synthetic cases incl. your 19 GiB counterexample; tests/contracts_v2/test_v2_occupancy.py (13 cases); raw captures kept in the lab research directory (outside the repo)
B3 fake feature ports in live; CommandRunner unselected; shadow write paths open	adapters.features with x-required-ports (required ports must be real in live; allow_fake cannot list them); command_runner selectable and lane-critical; every mutating port lane-scoped and forbidden real/record on a shadow lane (inhibitor/waker/workload dryrun); profile shadow applies the same ban site-wide	ed0180b	contracts/v2/adapters.schema.json; ADAPTERS.md s3; tests/contracts_v2/validation.py adapters_semantics; test_v2_rules.py::test_adapters_fail_closed (6 new cases incl. live fake health_probe with endpoints on, shadow model_cache real)
B4 plain HTTP breaks WebAuthn	A7 serves HTTPS terminated in the authority process with the certificate from tailscale cert for the controller's ts.net name, so the socket peer stays visible to tailscale whois; serve rejected (tagged source nodes get no identity headers and the backend sees localhost); renewal timer; WebAuthn rp_id = ts.net name; owner action to enable tailnet HTTPS	2e81562	SLICES A7 (test_tls_listener_real_socket_peer_reaches_whois), C11b; measured: CertDomains null, self tags tag:lab, tailscale 1.102.3 cert flags (decisions.tsv r2-measure, D-net-2)
B5 friend sessions: no enforced GPU isolation, no lease-bound stop	session contract rewritten on the recommended Q1 option: per-friend account, root helper (C7h) via one sudoers rule; DevicePolicy=closed + DeviceAllow for the lane's /dev/nvidia<minor> on the user slice; forced-command wrapper (no environment=, PermitUserEnvironment default no); close = key removal + loginctl terminate-user + user slice stop, with close_proof required for 'closed'; C9 real-SSH acceptance (established shell, nohup and setsid children end; other card EPERM); C9 stays gated on Q1	ed0180b, 2e81562	contracts/v2/session.schema.json; interfaces.py SessionGateway; SLICES C7h, C9; test_v2_rules.py::test_closed_session_requires_proof_of_ended_processes; measured cgroup2fs, systemd 261, Device Minor in /proc (decisions r2-measure)
B6 no authenticated job-output retrieval	ops job-output-list / job-output-get (chunked, sha256 per file, owner/operator, traversal refused, 202 waking); executor 'output' kind; result kinds output-list/output-chunk; x-ops rows (MCP exposed); C7c friend-client test without shell	ed0180b, 2e81562	contracts/v2/rpc-ops.schema.json, rpc-envelope.schema.json, executor.schema.json, job.schema.json; SLICES C7c test_friend_client_fetches_outputs_without_shell
B7a evidence misattributed to one PORT per module	per-case port marker from port_params(); module PORT removed; occupancy and inventory cases split	2e81562	tests/conformance/conftest.py; tests/contracts_v2/test_v2_harness.py::test_every_param_carries_its_own_port_marker
B7b skips and fault injection not strict	applicability declared by markers (fake_only, not_dryrun) recorded as n/a; no pytest.skip in bodies; strict mode (FLIGHTCTL_CONFORMANCE_STRICT/PORTS): missing real twin or undeclared skip fails; evidence has strict and proven flags; notifier real must actually send	2e81562	tests/conformance/conftest.py; test_v2_harness.py (4 tests); GATES G3
B7c G1 frozen tests vs MIGRATION rewrites	G1b checked migration gate: docs/v2/migration-map.tsv lists every pre-existing test a packet may rewrite/delete, with the replacement test; the gauge checks touched tests against it	2e81562	docs/v2/migration-map.tsv; GATES G1b; test_v2_plan.py::test_migration_map_rows_name_real_packets
B7d assembly gates listed tests not runnable there	per-assembly table of runnable T-tests (A-ASM: T01-T04, T05 current, T06a, T06b, T07, T08; B-ASM: T05 target, T09, T10; C-ASM: T11 and R1); G6 runs exactly that list	2e81562	SLICES 'Live acceptance tests runnable at each assembly'; GATES G6
B8 quotas before their usage source	usage records + rolling query (C5a) now precede quotas (C5b), which use it	2e81562	SLICES C5a/C5b; test_v2_plan.py::test_usage_precedes_quotas
N1 deadline ceiling invariant	authority sends max-end minus margin (max_clock_skew_s); executor refuses messages older than the margin; host max-end set once and non-increasing; beat cannot carry max-end (schema); only the extend kind with an approval moves it	ed0180b	contracts/v2/common.schema.json relative_deadline; executor.schema.json beat/extend; test_v2_rules.py::test_beat_cannot_move_the_host_ceiling; SLICES A5a/A5b2 tests
N2 model verified by size only	sha256 required at publication; present requires size+sha256; size is progress only	ed0180b	contracts/v2/storage.schema.json; test_v2_rules.py::test_present_cache_entry_requires_sha256_verification; SLICES C6a/C6b
N3 12 h DA lease capped at 4 h	an explicit quota max_lease_s replaces the class default ceiling, bounded by lane cap and 12 h absolute (D-ttl-2)	ed0180b	policy.lease description, absolute_max_s; validation.py lease_ceiling; test_v2_rules.py::test_lease_ceiling_quota_replaces_class_default
N4 shadow flip without coverage	policy.shadow.min_path_counts (acquire, renew, release, wait, busy, status) and mirror_errors_block=true; gauge exercises rare paths through legacy lanes.sh; flip criteria rewritten	ed0180b, 2e81562	policy.schema.json; LEGACY-COMPAT.md; SLICES A9 test_flip_blocked_until_path_counts_and_no_mirror_errors; test_v2_rules.py::test_shadow_flip_needs_path_coverage_and_mirror_errors_block
N5 replacements need the fixes above	no separate action; each Grok home now carries the fixes; Sol 6 rows appended to CONFORMANCE.tsv	2e81562	docs/v2/CONFORMANCE.tsv rows sol6-*
N6 keep P4 obligations before deleting roster scripts	B3 adds test_shim_cleanup_releases_only_own_token and test_batch_manifest_successors_visible_via_queue before the deletion; deletion rows owned by B3 in migration-map	2e81562	SLICES B3; BLAST-RADIUS.txt R1 round-2 note; migration-map.tsv B3 rows
decisions D-net-1	superseded by D-net-2 (HTTPS in-process TLS)	2e81562	decisions.tsv
decisions D-ttl-1	superseded by D-ttl-2	ed0180b	decisions.tsv
decisions D-token-1	amended D-token-2 (window <= 1 h, 0600, scrubbed backups, scrub test)	ed0180b	decisions.tsv; policy.lease.replay_window_s
decisions D-run-1	superseded by D-run-2 (fc-svc service account via helper; friends after Q1)	2e81562	decisions.tsv; SLICES C7h
decisions D-shadow-1	amended D-shadow-2 (coverage + zero mirror errors)	ed0180b	decisions.tsv
decisions D-pow-1	amended: re-alert while quarantined holds the host awake	ed0180b	policy.power.quarantine_realert_s; SLICES C10
decisions D-pow-3	amended: definite means no fence and no inhibitor; reserve ordering specified	ed0180b	executor description; SLICES A5a
decisions D-pow-4	amended: linger probe precedes A-ASM live	2e81562	SLICES A6, A-ASM step 5
decisions D-dep-1	amended D-dep-2 (backup on a different host than the store)	2e81562	SLICES B5
ROUND 3 (Sol 6 review r2, REVIEW-sol6-r2.md)	-	-	-
r2 B1 PARTIAL: real inhibitor needed while lane in shadow	controlled exception adapters lanes.<lane>.shadow_real: [inhibitor] (shadow lane + legacy_lane only; schema allows only the inhibitor); A-ASM step 4 rewritten (exception on, prove under legacy fence, exception off, then flip)	c447706	test_v2_round3.py::test_b1_shadow_lane_real_inhibitor_needs_the_declared_exception (Sol's conflict reproduced then resolved), test_b1_shadow_real_cannot_name_any_other_port
r2 B2 PARTIAL: unknown-memory external process outside tenants with empty=true passed	process partition enforced (tenants == external, noise == noise, noise needs known memory below the floor, external below the floor must be noise); unknown memory never empty; schema: noise requires integer memory	c447706	test_v2_round3.py::test_b2_counterexample_is_rejected_by_the_partition_rule (Sol's exact construction), test_b2_noise_with_unknown_memory_is_schema_invalid
r2 B3 PARTIAL: live lane overrides required model_cache/health_probe to fake	adapters_semantics checks EFFECTIVE (lane-overridden) ports for every live lane against lane-critical + feature-required ports; ADAPTERS rule 4	c447706	test_v2_round3.py::test_b3_live_lane_cannot_override_a_required_port_to_fake (Sol's config returns two named problems)
r2 B5 PARTIAL: same friend's two leases on one host interfere through user-<uid>.slice	chose a single-active invariant: policy.work.max_active_per_human_per_host = 1 -> 409 account_busy; helper refuses too; keys in root-owned /etc/ssh/flightctl-keys; C9 test added; still gated on Q1	c447706	test_v2_round3.py::test_b5_second_work_item_for_same_friend_same_host_is_refused; policy schema const 1
r2 B6 PARTIAL: friend 'API token only' vs agent-only tokens	one rule for all kinds in accounts: peer authenticates; token selects/narrows only from allowed peers; friends use their tailnet login via share/invite; C7c test rewritten	c447706	test_v2_round3.py::test_b6_friend_authenticates_by_peer_and_token_never_alone (also asserts the old wording is gone)
r2 B7 PARTIAL: strict missing twin was XFAIL; migration test checked names only	strict_missing marker fails at setup (an error, never xfail); evidence records setup failures; tools/migration_gate.py checks the real git diff (unmapped touch, delete-not-deleted, rewrite-without-replacement)	c447706	test_v2_round3.py::test_b7_strict_missing_real_twin_fails_the_run (subprocess pytest exits non-zero, no xfail), test_b7_non_strict_run_is_green_with_visible_skips, test_b7_migration_gate_logic (7 cases), test_b7_migration_gate_on_this_branchs_real_diff; GATES G1b/G3
r2 N1 PARTIAL: 30 s skew + 60 s transport leaves host max-end 30 s late	bound is the authority's own RTT: host_max_end <= send + rtt + in_s; if late, a shorten-only 'ceiling' kind (host applies min) is sent until a round trip fits the margin; age check kept only as stale filter	c447706	test_v2_round3.py::test_n1_slow_transport_is_detected_and_shortened (Sol's case: 31 s late detected, corrected); executor ceiling_request schema
r2 N5 PARTIAL: 'fixed' claims exceed checks	CONFORMANCE statuses split: contract-fixed (executable contract test today, 36 rows) vs specified (brief only, 54 rows); header says nothing is implemented	c447706	docs/v2/CONFORMANCE.tsv header and status column
r2 new: output symlink/TOCTOU	executor output kind walks from a dir fd with O_NOFOLLOW per component, regular files only; get carries expect_sha256 from list and is refused if the file changed	c447706	test_v2_round3.py::test_output_containment_refuses_symlink_escape_and_swap (real files: symlink leaf, symlinked dir, .., absolute, swap to symlink, content change); SLICES C7c
r2 new: C7h privilege boundary not inspectable	helper-config.schema.json allowlist (fixed root-owned path, accounts, lanes/minors, unit pattern, argv roots, keys dir); sudoers example; sudoers_audit + helper_install_audit run on the INSTALLED artefacts; key writes O_NOFOLLOW in root-owned dir	c447706	test_v2_round3.py::test_helper_sudoers_example_passes_and_bad_rules_fail, test_helper_install_chain_must_be_root_owned_and_unwritable, test_helper_config_allowlist_contract; SLICES C7h test_install_audit, test_key_write_never_follows_symlinks
r2 new: D-token-2 storage-level scrub	D-token-3: secure_delete=ON, scrub, wal_checkpoint(TRUNCATE), backups only via VACUUM INTO after scrub; A5b1 runs the same check on the real store	c447706	measured (sqlite 3.53.4): without secure_delete the token bytes remain in the db file in every journal mode; test_v2_round3.py::test_token_scrub_procedure_leaves_no_bytes_in_db_wal_or_restored_backup + negative control
housekeeping: lab hostname in RESPONSE-TO-SOL6.tsv (committed in 253adf2)	removed from the tree (denylist check now passes); the string remains in branch history: squash before the PR or accept (lead's call)	c447706	deploy/check_portability.py --denylist: passed after fix
ROUND 4 (Sol 6 review r3, REVIEW-sol6-r3.md; all branch commits squashed into one, see commit column)	-	-	-
r3 B2 PARTIAL: zero GPUs, zero processes, empty=true passed	occupancy observation carries expected_uuids (required, minItems 1); semantics require observed cards == expected (none missing/extra/duplicated) and every process on a lane card	SQUASH	test_v2_round4.py::test_b2_zero_gpu_observation_cannot_be_empty (Sol's construction), test_b2_observed_cards_must_equal_expected (4 cases), test_b2_expected_uuids_required_and_non_empty
r3 B5 PARTIAL: own session under own lease refused	parent/child work: one active parent lease per friend per host; children (session/job naming that lease_id) share the slot; authority UNIQUE (principal, host) active index in BEGIN IMMEDIATE; helper O_CREAT|O_EXCL claim of the same lease_id	SQUASH	test_v2_round4.py::test_b5_child_of_own_parent_is_allowed_second_parent_is_not (Sol's case), test_b5_concurrent_parents_exactly_one_wins_in_both_layers (12 contenders in 6 real processes; same winner in both layers), test_b5_helper_claim_race_without_admission_still_single (16 threads behind a barrier)
r3 B6 PARTIAL: supplied principal with mismatched peer; expired token allowed	auth_decision(peer_ids, accounts, token, now): no principal parameter exists; expiry instant counts as expired; revoked denied; token from an unlisted peer denied with no fallback; C2 boundary + named acceptance tests	SQUASH	test_v2_round4.py::test_b6_principal_is_derived_from_the_peer_never_supplied, test_b6_token_expiry_and_revocation_enforced (4 cases incl. Sol's expired token), test_b6_c2_acceptance_names_the_boundary
r3 B7 PARTIAL: comment naming the replacement passed	migration_gate verifies the replacement as a COLLECTED pytest node at head (pytest --collect-only), not text	SQUASH	test_v2_round4.py::test_b7_gate_rejects_replacement_named_only_in_a_comment (real git repo + real collection: comment -> exit 1; real test -> exit 0); round-3 logic table updated
r3 N1 PARTIAL: lost shorten message leaves the host ceiling late	executor replies carry max_end_remaining_s; grant only when reply_received_t + remaining <= approved_max_end (no clock comparison); otherwise 202 ceiling-unconfirmed until a ceiling reply confirms; correction lost = no grant	SQUASH	test_v2_round4.py::test_n1_lost_correction_withholds_the_grant (correction dropped), test_n1_reply_must_carry_the_remaining_ceiling
r3 N5 PARTIAL: contract-fixed rows overstated	re-audit: 10 earlier contract-fixed rows marked superseded with the superseding row named; 8 round-3 rows added; legend gains 'superseded'	SQUASH	docs/v2/CONFORMANCE.tsv (34 contract-fixed, 10 superseded, 54 specified)
r3 output: absolute path accepted; hard-link smuggling	contained_open rejects absolute, empty, '.', '..' components before the walk; trusted staging: job writes to a per-job staging dir it owns; after the unit stops, helper output-collect COPIES only regular files with st_nlink==1 and st_uid==job account (fstat on the O_NOFOLLOW fd) into the executor store; reads serve only copies	SQUASH	test_v2_round4.py::test_output_absolute_and_empty_components_rejected, test_output_staging_rejects_hard_links_symlinks_and_foreign_owner (real hard link to an outside file is rejected and never served; copies unaffected by later source change; foreign uid -> nothing accepted)
r3 C7h: audit blind to %group/aliases; parser not sudo -l	sudoers_audit now parses EFFECTIVE grants from sudo -l -U output (exactly one grant (root) NOPASSWD: helper, no SETENV, no weakening Defaults); sudoers_file_audit sees %group, ALL and User_Alias rules; format measured read-only with `sudo -n -l` for the current user (no password needed; sudo 1.9.17p2) and kept as a sanitised fixture	SQUASH	test_v2_round4.py::test_c7h_effective_audit_on_sudo_l_output (real-format fixture with 6 grants incl. wrapped continuation lines; Sol's group grant rejected), test_c7h_continuation_lines_join_into_one_grant, test_c7h_file_audit_sees_group_and_alias_grants
r3 token: backup during the replay window keeps the token	D-token-4: raw tokens never in the main DB (leases keep token_sha256; idempotency responses token-free); raw replay tokens only in a separate replay store, never backed up, secure_delete + WAL truncate on scrub	SQUASH	test_v2_round4.py::test_token_never_in_backups_taken_during_the_replay_window (backup taken while live, examined after the deadline: clean; restored copy clean), test_token_backup_negative_control_round3_design_leaks
history: lab hostname committed in round 2	all contracts-v2 commits squashed into one on top of 59bdd7f; denylist and portability scans run over the whole history (git log -p) and the tree	SQUASH	see decisions.tsv round-4 verify rows for the history scan result
note: commit ids in rounds 1-3 (3f42a13 ... 3a640ed) are pre-squash ids; in round 4 every contracts-v2 commit was squashed into ONE commit on top of 59bdd7f (SQUASH = that commit; see git log contracts-v2)	-	SQUASH	-
ROUND 5 (Sol 6 review r4, REVIEW-sol6-r4.md; kept as ONE commit on 59bdd7f, amended)	-	-	-
r4 B5 NOT RESOLVED: helper commands lacked the parent lease and claim lifecycle	helper-config: session-open and friend unit-start take --parent-lease (child of the claimed parent accepted, other lease refused); claim-release only with close proof; claim-reconcile from the authority's active parents during A8 (keep / remove stale / report conflict), never freed by time or reboot; claims on persistent storage; claim written atomically via link(); C7h and C9 aligned	SQUASH	test_v2_round5.py::test_helper_contract_carries_parent_lease_and_lifecycle, test_parent_claim_lifecycle, test_stale_claims_reconciled_from_authority_never_by_reboot_alone; round-4 race tests still green with the link() claim
r4 new: shared fc-svc UID lets agent A read agent B's staging	agents' unit work runs with systemd DynamicUser=yes, one ephemeral UID per job, StateDirectory=flightctl-jobs/<job> mode 0700 under systemd's root-only private parent; output-collect accepts only files owned by the job's recorded UID; fc-svc withdrawn (schema rejects it)	SQUASH	test_v2_round5.py::test_agent_isolation_is_dynamic_user_per_job_and_fc_svc_is_gone (contract); the isolation itself needs root, so it is proven by C7h's onlab test_agent_jobs_cannot_read_each_others_staging (CONFORMANCE status 'specified', not contract-fixed)
r4 new: replay after restore; split-store crash consistency	order: replay row committed first, main DB (source of truth) second; startup deletes replay rows without a committed idempotency record; retry inside the window with the main record but no replay row -> 409 replay_unavailable, lease to holder-lost (stop + emptiness proof), client acquires with a new request_id; no second grant while the lane is held	SQUASH	test_v2_round5.py::test_split_store_crash_between_commits_leaves_no_grant, test_restore_without_replay_store_answers_replay_unavailable_never_double_grant (real SQLite files, backup taken inside the window, replay store removed); error code replay_unavailable in common
r4 B1 regression: crosswalk scheduled A-ASM before A11/A12	crosswalk rewritten as a scope map in packet-index (schedule) order; plan tests check crosswalk order and coverage, milestone column monotonicity and that no dependency points to a later milestone	SQUASH	test_v2_plan.py::test_crosswalk_follows_the_schedule_and_covers_every_packet, test_milestone_column_is_monotone_and_dependencies_never_point_to_a_later_milestone
r4 B6: string comparison of timestamps	parse_utc() to aware datetimes; now >= expires_at denies	SQUASH	test_v2_round5.py::test_token_expiry_compares_parsed_instants (Sol's 12:00:00.9Z vs 12:00:00Z denies; equal instants in different spellings deny)
r4 B7: gate reduced node ids to bare names	replacement must be a collected node in a test file this packet added or modified, or exactly the path::name node the map names	SQUASH	test_v2_round5.py::test_gate_rejects_replacement_found_only_in_an_unrelated_file (Sol's probe), test_gate_explicit_node_mapping_must_match_exactly; round-4 real-repo test still green
r4 N1: ack without identity granted	grant only from a reply bound to the reserve's lease_id, generation, host_id and one of its controller_request_ids	SQUASH	test_v2_round5.py::test_unbound_acknowledgement_never_grants (bare ack, each mismatched field, no expectation)
r4 sudo audit: missing env_reset passed	effective Defaults must contain env_reset, !setenv and secure_path	SQUASH	test_v2_round5.py::test_sudo_audit_requires_named_defaults (3 drops)
r4 N5: B5-B7 rows overstated	re-marked: round-3 B5, B6, B7, N1 and three new-finding rows superseded by named round-4 rows; agent isolation recorded as 'specified' (needs root to prove)	SQUASH	docs/v2/CONFORMANCE.tsv
r4 B2 note	A3 acceptance names test_expected_uuids_come_from_confirmed_inventory explicitly	SQUASH	test_v2_round5.py::test_a3_names_the_inventory_binding_test
ROUND 6 (Sol 6 review r5, REVIEW-sol6-r5.md; kept as ONE commit on 59bdd7f, amended)	-	-	-
r5 B5: reconcile freed an omitted claim; release raced; C7h refused children	reconcile never removes: an omitted claim is 'orphaned-quarantined' (account blocked, operator alert), another parent is 'conflict'; the only removal is claim-release with the close proof, race-safe by renaming to a unique tombstone and deleting only if the tombstone inode equals the opened fd's inode (else restore and refuse); C7h now allows children of the claimed parent	SQUASH	test_v2_round6.py::test_reconcile_never_removes_an_omitted_claim (Sol's restored-authority probe), test_release_does_not_delete_a_claim_replaced_concurrently (race injected between check and rename), test_helper_contract_wording_allows_children_and_never_reconcile_frees; round-5 reconcile test updated to the new rule
r5 replay: routine scrub after the window returned replay_unavailable	token-free replay_deadline stored in the main idempotency record (schema-required field); missing replay row before the deadline -> 409 replay_unavailable + holder-lost; at/after it -> grant replay with token null, lease untouched; A5b1 test text updated	SQUASH	test_v2_round6.py::test_missing_replay_row_inside_window_is_unavailable_after_window_is_null_token, test_idempotency_record_carries_the_replay_deadline; round-5 restore test still green
r5 N1: failed bound reply granted; flat fields instead of the wire shape	grant_after_reserve takes executor replies in the wire shape (validated against executor.schema.json reply), requires ok=True and definite=True, binds controller_request_id, nested echoed_identity lease_id/generation/lane.host_id and host_boot.host_id	SQUASH	test_v2_round6.py::test_failed_reply_never_grants (Sol's ok=False probe; also uncertain), test_flat_identity_fields_are_not_a_reply; round-4/5 N1 tests rewritten to wire replies
r5 output-collect named the withdrawn service_account	output-collect --job <id> only; the helper resolves the job in its root-owned registry to the UID recorded from the unit at start (DynamicUser for agents, fc-<name> for friends); C7b1 acceptance renamed test_job_runs_as_its_own_dynamic_user_never_operator_or_shared_uid	SQUASH	test_v2_round6.py::test_output_collect_takes_job_id_only
r5 sudo: empty secure_path passed	secure_path must be a non-empty list drawn from /usr/local/sbin, /usr/local/bin, /usr/sbin, /usr/bin, /sbin, /bin (the install audit stats each: root-owned, not group/other-writable)	SQUASH	test_v2_round6.py::test_secure_path_must_be_standard_system_dirs (empty, /tmp, relative, home dir)
r5 N5: new rows overstated	sol6r4 B5, N1, replay and sudo rows marked superseded by named sol6r5 rows; agent isolation stays 'specified' (root needed for the proof)	SQUASH	docs/v2/CONFORMANCE.tsv
ROUND 7 (Sol 6 review r6, REVIEW-sol6-r6.md; kept as ONE commit on 59bdd7f, amended)	-	-	-
r6 B5: quarantine had no admission effect; round-6 test required acceptance; C7h text said reconcile removes	reconcile writes <account>.quarantined (O_EXCL); helper_claim refuses any claim while it exists and backs out if it appears after the link; helper_release on a quarantined account needs operator=True plus the close proof (claim-clear); claim removed first, marker last; C7h/helper-config/policy text updated	SQUASH	test_v2_round7.py::test_sol_r6_quarantine_blocks_children_of_the_old_parent; test_v2_round6.py::test_reconcile_never_removes_an_omitted_claim now requires refusal
r6 N1: ceiling ack from dry_run / non-reserve kind / free state	grant_after_reserve requires dry_run false; a reserve reply with observed_state reserved first; ceiling replies only after it and in reserved/starting/running	SQUASH	test_v2_round7.py::test_sol_r6_ceiling_only_after_a_real_reserve[dry_run|kind|observed_state]
r6 replay: grant() duplicate path replayed with now=0.0	SplitStore.grant takes a required keyword now and passes it through	SQUASH	test_v2_round7.py::test_sol_r6_duplicate_grant_after_deadline_with_row_present_returns_null_token
r6 wording: service account left in SLICES C7b1 and README	C7b1, C7h and README now name the per-job DynamicUser	SQUASH	test_v2_round7.py::test_sol_r6_no_service_account_in_agent_execution_docs
r6 sudo: empty secure_path components via escaped colons	split on ':' or '\:'; any empty component fails	SQUASH	test_v2_round7.py::test_sol_r6_secure_path_empty_components (Sol's three probes)
r6 N5: statuses	sol6r5 B5/N1/replay/output-collect/secure_path rows marked superseded by named sol6r6 rows; isolation stays specified	SQUASH	docs/v2/CONFORMANCE.tsv
self-adversarial (round 7: >=2 extra probes per rule touched in rounds 4-7; all kept as tests; none exposed a new defect)	-	-	-
self: occupancy emptiness	unexplained == lane_noise is not empty; process memory above card usage is inconsistent (oracle says unknown); duplicate card row and header row are unknown	SQUASH	test_v2_round7.py::test_self_occupancy_*
self: parent/child claims + quarantine	path-like/withdrawn account names raise; symlink at claim path refused; 8 concurrent children racing reconcile leave the account blocked; crash between claim and marker removal stays blocked; child with no parent refused	SQUASH	test_v2_round7.py::test_self_claim_*, test_self_release_*, test_self_quarantine_racing_*, test_self_crash_between_*, test_self_work_admission_*
self: token expiry/identity	offset-form, date-only, garbage and missing expiry deny; disabled principal and token for unknown principal deny	SQUASH	test_v2_round7.py::test_self_unparsable_or_offset_expiry_fails_closed, test_self_disabled_principal_*
self: migration gate	prefix/suffix names do not count; Class::method[param] counts; same basename in another dir does not count	SQUASH	test_v2_round7.py::test_self_gate_*
self: ceiling grant	ceiling before reserve never grants and a late reserve plus fenced ceiling does; free/stopping ceiling states never grant (quarantined/unknown already schema-invalid); equal boundary grants, 1 ms late does not	SQUASH	test_v2_round7.py::test_self_ceiling_*
self: staging/containment	FIFO and symlinked subdirectory rejected; '..', NUL, '.', trailing-slash relpaths rejected	SQUASH	test_v2_round7.py::test_self_staging_*, test_self_containment_*
self: sudo audit	duplicate grant and helper-with-arguments fail; env_keep LD_PRELOAD fails; quoted secure_path ok, quoted empty fails; grant for another user does not count	SQUASH	test_v2_round7.py::test_self_sudo_*
self: split replay store	busy grant leaves no orphan replay row and recover keeps live rows; replay at exactly the deadline is null-token; grant without now is a TypeError	SQUASH	test_v2_round7.py::test_self_split_store_*, test_self_grant_requires_an_explicit_retry_time
self: isolation wording	helper-config const dynamic-user and DynamicUser=yes; C7b1 names DynamicUser; isolation row stays specified; unit-start agent branch has no --uid	SQUASH	test_v2_round7.py::test_self_isolation_*, test_self_unit_start_*
self: plan order	a text-taking plan checker accepts the real plan and catches a crosswalk swap, a duplicate packet and a non-monotone milestone	SQUASH	test_v2_round7.py::test_self_plan_checker_*
ROUND 8 (Sol 6 review r7, REVIEW-sol6-r7.md; kept as ONE commit on 59bdd7f, amended)	-	-	-
r7 C7h text: quarantine refuses every child vs refuses only a different parent	one rule stated verbatim in SLICES C7h (session-open line and per-host rule), helper-config session-open and unit-start; old phrases removed	SQUASH	test_v2_round8.py::test_c7h_admission_rule_is_stated_once_everywhere, test_reference_follows_the_one_rule
r7 claim-clear operator authorization	chose the root-only command path (not a signed approval): separate program /usr/local/libexec/flightctl-claim-clear mode 0700 root:root; operator's own sudoers rule without NOPASSWD (config/flightctl-claim-clear-sudoers.example); program checks ruid/euid 0 and SUDO_USER/SUDO_UID == helper.json operator_account; helper has no claim-clear; install audit: operator_sudo_audit + no_clear_route_audit; owner action added to OPEN-QUESTIONS	SQUASH	test_v2_round8.py::test_helper_has_no_claim_clear_and_the_clear_program_is_contracted, test_claim_clear_requires_operator_sudo_path[7 cases], test_operator_route_must_reauthenticate, test_executor_and_friends_have_no_route_to_clear, test_operator_sudoers_example_has_no_nopasswd_and_does_not_reach_the_executor
r7 N1: reserved reply with fences [] and inhibitor null granted	executor schema requires a fence on an ok non-dry-run reserve; fence_evidence_ok requires the matching persisted fence (lane, identity incl. generation, state == observed_state, not rebooted) and a held lane/generation inhibitor where hold_inhibitor applies (hosts with power.mode sleeps)	SQUASH	test_v2_round8.py::test_sol_r7_reserved_reply_with_no_fence_and_no_inhibitor_never_grants (Sol's exact reply), test_ceiling_needs_persisted_fence[9]
r7 N5: B5/N1 rows overstated; sol7-self not a fix	sol6r6-B5/N1 superseded by sol6r7 rows; sol7-self status 'probes' (new vocabulary entry); vocabulary enforced by a test	SQUASH	test_v2_round8.py::test_conformance_statuses_are_from_the_vocabulary_and_honest
r7 C7h obligation: claim rollback by inode	helper_claim rollback uses the tombstone inode check; after the link it also re-checks that the path is still its own inode before admitting; named C7h acceptance test added	SQUASH	test_v2_round8.py::test_claim_rollback_unlinks_only_its_own_inode (interleaved clear + replacement), test_claim_cleared_and_replaced_before_the_recheck_is_not_ours, test_rollback_of_our_own_claim_still_works
r7 A5b1 obligation: request fingerprint	SplitStore stores request_fingerprint and checks it first (409 conflict); contract text in rpc-envelope; named A5b1 acceptance test added	SQUASH	test_v2_round8.py::test_replay_checks_request_fingerprint, test_fingerprint_contract_text
r7 vacuous probes	race test records every start (vacuity control: fails 5/5 with the account lock removed, passes 5/5 with it); ceiling probes carry full fence evidence (with_fence) and assert free/stopping reach the rule; docs grep matches each occurrence inside a withdrawal phrase (schema prose only), with Sol's same-line probe as a failing case	SQUASH	test_v2_round7.py::test_self_quarantine_racing_a_claim_never_leaves_an_admitted_child, test_self_ceiling_reply_reporting_free_or_quarantined_never_grants, test_sol_r6_ceiling_only_after_a_real_reserve, test_sol_r7_affirmative_instruction_next_to_withdrawn_is_still_an_offender[4]
ROUND 9 (Sol 6 review r8, REVIEW-sol6-r8.md; kept as ONE commit on 59bdd7f, amended)	-	-	-
r8 claim-clear fresh authentication (cached sudo timestamp)	contract (helper-config x-operator-clear, operator_account) and sudoers example require 'Defaults!<program> timestamp_timeout=0' (sudoers(5) 1.9.17p2, read locally 2 Oct: 0 = always prompt; command-specific Defaults are applied once the command path is known); clear_fresh_auth_audit computes the EFFECTIVE value from sudo -l (matching -> runas -> command-specific; later overrides) and forbids !authenticate; onlab C7h test_claim_clear_prompts_every_time added. Evidence: documented, not measured (measuring needs a sudoers install = owner action)	SQUASH	test_v2_round9.py::test_operator_audit_fails_without_fresh_auth, test_contract_and_example_require_fresh_auth
r8 C7h audit: wildcard/directory/argument/alias routes escaped	sudo_path_matches per sudoers(5): ALL, wildcards that never match '/', directory grants, ^...$ regexes (broken regex = route); argument-bearing grants count; negations never cancel; Cmnd_Alias/User_Alias expanded from the installed sudoers text; unknown alias = route; used by both no_clear_route_audit and operator_sudo_audit	SQUASH	test_v2_round9.py::test_sol_r8_friend_wildcard_grant_reaches_clear, test_sol_r8_operator_extra_nopasswd_wildcard_fails (Sol's two probes)
r8 A5b1: replay isolation across principals	idem and replay rows keyed by (principal_id, request_id); rpc-envelope idempotency_record description; A5b1 acceptance text extended	SQUASH	test_v2_round9.py::test_second_principal_same_id_same_payload_never_gets_the_first_token
r8 N5: sol6r7-B5 overstated	sol6r7-B5 and the sol6r7 fingerprint row superseded by sol6r8 rows; sol6r8-B5 notes the fresh-prompt evidence is documented, not measured	SQUASH	docs/v2/CONFORMANCE.tsv; test_v2_round8.py::test_conformance_statuses_are_from_the_vocabulary_and_honest
self-adversarial (round 9: >=2 extra probes per rule, each kept as a test)	-	-	-
self: fresh authentication	11 precedence cases (user-wide 0 ok; 0.0 ok; command-specific beats runas; later wildcard Defaults! to 5 fails; command-specific 5 beats user-wide 0; runas root 5 fails; -1 fails; 0.5 fails; !authenticate fails; unresolvable alias fails; other command only fails); alias resolves with the sudoers text	SQUASH	test_v2_round9.py::test_self_effective_timestamp_timeout[11], test_self_alias_in_defaults_resolves_with_the_sudoers_text
self: route matching	13 reaching shapes (directory, wildcard dir/file, ?, [..], regex, args, "", list, negation, ALL, unexpanded alias, broken regex) and 6 non-reaching controls (helper, /usr/local/*, too deep, other dir, sudoedit, helper regex); alias+group static expansion for friend and operator; executor wildcard fails both audits	SQUASH	test_v2_round9.py::test_self_routes_that_reach_clear[13], test_self_routes_that_do_not_reach_clear[6], test_self_cmnd_alias_and_group_in_installed_sudoers, test_self_executor_wildcard_grant_fails_both_audits, test_self_path_matcher_basics
self: principal scope	other principal with a different payload gets a fresh decision (not conflict) while the same principal's changed payload is 409; other principal after the deadline gets None, not the null-token replay; crash+recover are per principal	SQUASH	test_v2_round9.py::test_self_other_principal_*, test_self_crash_and_recover_are_per_principal, test_self_contract_states_the_scope
self: mutation checks (scratch vac9.py, run 2 Oct)	fresh-auth check removed -> caught; round-8 exact/ALL matcher -> caught by both Sol probes and the alias/group test; store keyed by request_id only -> caught by the two-principal test and the after-deadline probe	SQUASH	-
FREEZE (Sol 6 review r9, REVIEW-sol6-r9.md: APPROVE WITH CHANGES; no further contract round; ONE commit on 59bdd7f, amended)	-	-	-
r9 exempt_group defeats the prompt; audit passes	carried to C7h (no contract change: the contract already requires fresh authentication); strict-xfail reference test; SLICES C7h carried obligation	SQUASH	test_v2_freeze.py::test_carried_exempt_group_defeats_fresh_auth
r9 NOPASSWD tag after a comma read as command text	carried to C7h: per-command tag parsing in both audits; strict-xfail reference test (effective and static)	SQUASH	test_v2_freeze.py::test_carried_per_command_tags_after_a_comma
r9 N5: sol6r8-B5 overclaimed contract-fixed	sol6r8-B5 set to specified with a note pointing at C7h; new status 'carried' added to the vocabulary and enforced	SQUASH	test_v2_round8.py::test_conformance_statuses_are_from_the_vocabulary_and_honest
r9 freeze record	docs/v2/FROZEN.md: verdict, carried obligations, owner actions; any later contract change needs a new review	SQUASH	docs/v2/FROZEN.md
